UNK,7082
*,3069
UNKNOWN,898
NI,291
HSL-0340,247
HSL-0300,164
HSL-0380,162
HSL-0420,159
27-168XXX,127
UNK MAMMARY IMPLANT,117
UNK GEL BREAST IMPLANT,103
350-1640,90
27-468XXX,83
350-1650,82
350-7250,76
350-7225,75
354-2670,70
354-2650,63
HSL-0270,61
360-7275,58
354-2660,58
350-3330,57
354-2640,57
350-1660,55
360-7225,52
HSL-0460,51
350-7200,50
354-2645,49
350-7275,49
350-1630,47
UNK SALINE IMPLANT,47
360-7325,45
350-3380,43
350-7175,42
994,41
HSH-0300,41
350-1645,41
HSH-0400,40
HSH-0350,39
27-168301,39
350-3420,39
350-7300,37
360-7425,37
354-2680,36
25-76XXX,35
974,35
J864D,33
25-68XXX,32
993,32
HSH-0375,32
HSH-0450,31
354-2635,30
350-2120,29
UNK SERI SURGICAL SCAFFOLD,29
973,28
SCF10X25AGEN,26
351-6250,26
27-168271,26
HSH-0500,26
350-7325,25
354-3507,25
354-2630,25
350-7150,24
350-3310,24
350-1830,24
350-1655,24
350-1635,24
350-1670,23
HSL-0540,23
225,23
350-1620,23
992,23
27-168361,23
360-5250,23
HSL-0500,23
975,22
995,22
350-3460,22
360-6350,21
HSH-0250,21
360-5225,21
360-7175,21
360-6300,20
27-168391,20
360-5300,19
HSH-0325,19
UNK STYLE 410,18
350-1680,18
25-80XXX,18
996,18
354-2507,17
350-3290,17
350-6300,17
HSH-0425,17
27-110XXX,17
HTH-0450,17
350-2124,17
HTH-0400,16
Y496G,16
997,16
27-468301,16
360-5275,16
350-2116,16
350-6250,16
350-6200,16
27-168421,16
HSL-0240,15
354-4507,15
27-168481,15
25-00002,15
354-2625,15
27-168241,15
998,14
25-68301,14
350-2130,14
350-7400,14
350-6225,14
25-00501,13
354-2513,13
HSL-0580,13
350-7350,13
224,13
971,13
354-2655,13
351-6225,13
UNK STYLE 153,13
P0140210,13
360-5200,12
P0140245,12
531,12
350-3270,12
27-468351,12
15-339,12
991,12
350-1020,11
350-3500,11
27-168181,11
223,11
360-5350,11
25-68331,11
350-7125,11
27-168331,11
27-363XXX,11
P0140280,11
HTH-0300,11
350-1625,11
350-1220,10
350-1840,10
360-6225,10
99L,10
354-2712,10
354-2715,10
27-168511,10
354-3007,10
168-330,10
350-2060,10
354-2713,10
354-4007,10
354-2515,10
360-5325,10
354-2430M,10
350-6175,10
354-2450M,9
354-2830M,9
20-425,9
354-2620,9
350-1850M,9
350-0600,9
20-500,9
354-2512,9
977,9
935,9
27-163441,9
382,9
350-4001BC,9
354-2470M,9
SCF10X25AEGEN,9
25-81XXX,9
354-2511,9
2568451,9
350-8275,9
27-163XXX,9
350-1820,9
350-6275,9
532,9
350-7350BC,8
354-2860M,8
27-168211,8
354-5507,8
350-1930,8
15160000S0,8
956,8
350-8225,8
354-8000,8
1171T,8
354-2757,8
27-168451,8
925,8
25-85XXX,8
15-371,8
99H,8
15-304,8
68-240,8
GEL IMPLANT,8
68-420,8
350-3250,8
354-2845M,8
360-7150,7
350-8325,7
964,7
HSL-0220,7
HTH-0325,7
354-2835M,7
923,7
351-6200,7
976,7
27-468271,7
979,7
27-110241,7
354-3757,7
350-5504BC,7
25-68421,7
68-330,7
383,7
354-2870M,7
594,7
HTL-0340,7
354-2514,7
350-6504BC,7
350-6350,7
350-1690,7
350-3751BC,7
25-76220,7
350-1230,7
384,7
P0140360,7
370,7
25-68361,7
350-2222,7
27-163531,7
528,7
354-2714,7
360-6450,7
955,7
350-7450BC,7
350-1860M,7
354-3030,6
350-7200BC,6
8-295,6
99M,6
354-7007,6
350-2224,6
HTH-0350,6
168-240,6
DNX12,6
350-1695,6
933,6
HTL-0300,6
27468451,6
27-110271,6
354-2711,6
354-5000,6
350-3501BC,6
27-120441,6
P0150275,6
350-3560,6
E1455,6
350-7450,6
68-390,6
952,6
350-7450 BC,6
P0150225,6
934,6
226,6
NOT KNOWN,6
27-468451,6
SGR-260:20,6
354-1515,6
350-6400,6
15180000S0,6
1329000,6
350-2132,6
5001364,6
350-3630,6
534-S,6
350-2110,6
350-1850,6
RLP-300,6
20-450,6
381,6
354-2912,6
25-81245,6
SEE MODEL NO.,6
354-6000,6
27-120XXX,6
UNK SCAFFOLD,6
3542660,6
354-4000,6
350-4504BC,6
351-6300,6
168-270,6
542,6
350-1750,6
P0140230,6
354-4004,6
27-110331,6
27-153XXX,6
15140000S0,6
HSH-0275,5
350-2030,5
2249500,5
350-3118,5
25-68451,5
27-163361,5
350-1480,5
P0140300,5
350-5501BC,5
P0140190,5
27-168551,5
936,5
27-120601,5
25-76200,5
68HP-350,5
350-1685,5
HSL-0620,5
68-360,5
350-6450,5
354-2850M,5
10-300,5
350-1740,5
354-2020,5
350-1610,5
P0140400,5
350-1940,5
HTL-0420,5
68-300,5
350-8250,5
596,5
P0150350,5
354-26XX,5
27-100XXX,5
ME-5-220,5
HSL-0200,5
354-2440M,5
832,5
27-468196,5
350-7275BC,5
350-2020,5
HTL-0460,5
25-76241,5
25-76180,5
13290000S0,5
P0150450,5
354-4450,5
27-MX120-325,5
168-300,5
P0140170,5
27-468231,5
354-3257,5
2568361,5
15-397,5
168-420,5
25-40XXX,5
20-325,4
CLR602US,4
350-0500,4
168-390,4
68-450,4
27-120341,4
RE15-600,4
350-3114,4
RE7-255,4
978,4
P015-0350,4
25-00701,4
350-6004BC,4
27-110181,4
68-510,4
468,4
P0150325,4
354-2007,4
SMTFY999,4
360-6175,4
360-5225MBC,4
68-270,4
29107CE,4
350-2501BC,4
5-220,4
27-153721,4
UNK STYLE 468,4
3501630,4
MP10-400,4
354-2525,4
25-76280,4
958,4
350-3210,4
37-131600,4
350-7300BC,4
926,4
20621-415HP,4
10-330,4
27168361,4
P015-0375,4
27-163781,4
20-350,4
101364000,4
HSL-0660,4
P0140260,4
120-500,4
350-1380,4
27-168601,4
SAME,4
25-68391,4
HTL-0380,4
350-2114,4
350-3251BC,4
68HP-400,4
168-360,4
360-5175,4
350-0300,4
948,4
15-492,4
542-S,4
953,4
354-3500,4
351-6175,4
20-375,4
990,4
27-FF125-375,4
350-275S,4
1129T,4
MAMMARY IMPLANT,4
25-82XXX,4
27-163656,4
27-110391,4
25-46XXX,4
350-8400,4
120-650,4
350-1485,4
25-80220,4
937,4
15-533,4
HSH-0475,4
UNK STYLE 168,4
27-110211,4
25-56XXX,4
350-7250BC,4
P015-0300,4
11680,4
227,4
350-5001BC,4
PL350-7200,4
27-MM110-215,4
27-363311,4
68HP-500,3
27-153631,3
354 2670,3
HSL-0160,3
350-0400,3
UK,3
15080000S0,3
P014-190,3
531-S,3
P0440225,3
P045-0400,3
351-6350,3
PRR35,3
VCP398H,3
354-2910,3
350-8200,3
350-1470,3
120-260,3
MM-574 OR 40-574 OR 40-575,3
354-2480M,3
27-363122LF,3
350-2504BC,3
440,3
20621-505HP,3
P0150300,3
350-1750T,3
351-2090,3
354-3504,3
25-45401,3
P015-0450,3
15690S,3
15660S,3
350-1950,3
26100,3
27-168151,3
P014-0230,3
350-2800,3
350-7350 BC,3
938,3
RE8-295,3
P0140340,3
590,3
UNK.,3
168,3
110-390,3
25-80280,3
HSL-0120,3
25-68271,3
584,3
350-2121,3
354-2911,3
354-2257,3
Y493G,3
354-2215,3
354-2914,3
350-7175BC,3
350-8175,3
3501625,3
RE-8-295,3
350-1697,3
350-1650-BIL,3
957,3
J507G,3
13290S,3
354-2825M,3
PS215-040,3
350-2214,3
E2516,3
J426H,3
P014-300,3
534,3
468-495,3
27-FM125-350,3
25-80-260,3
350-1840M,3
J442H,3
27-120401,3
P015-0400,3
ST-MM125-320,3
168-210,3
405,3
350-2754BC,3
25-00XXX,3
25-68211,3
350-2219,3
385,3
350-1635 BIL,3
350-325S,3
350-7500BC,3
354-2840M,3
25-80240,3
350-2226,3
582,3
350-4501BC,3
350-3230,3
2227,3
HTH-0375,3
360-7425M,3
27-468496,3
P0150200,3
354-1308G,3
MPY935H,3
25-68481,3
HSH 0450,3
MCP496G,3
533,3
350-8004BC,3
25-76361,3
SCF5X15AGEN,3
15220000S0,3
350-3120,3
475,3
350-4304M,3
LNQ11,3
25-76300,3
350-1615,3
222,3
6997,3
25-80241,3
27-363511,3
350-7400BC,3
541-S,3
0501416050,3
P015-0275,3
ASKU,3
27468351,3
P0140440,3
25-45501,3
HSH-0200,3
380,3
15909000S0,3
970,3
SCF15X25AGEN,3
P0150500,3
25-76221,3
15740000S0,2
350-4450BC,2
25-00068,2
E1465,2
5750254-022-026,2
350-175S,2
168-510,2
SO4-36979,2
HSH-0225,2
68HP-550,2
N-TSLP320,2
UNKNOWN - BIO,2
110-240,2
3542635,2
350-2125,2
SGR-280:20,2
27-168391-BIL,2
354-2850,2
350-2092,2
25-46301,2
352 9000,2
25-85281,2
115-469,2
NONE,2
DYNJ35553A,2
15140-S,2
3547007G,2
67-133LV13,2
68HP-465,2
25-68350,2
15180,2
354-2216,2
J869H,2
UNK CUI GEL,2
STYLE 20,2
HTH-0500,2
27-120301,2
45-0226N,2
27100241,2
1290500,2
0500-166-025,2
P0640230,2
354-2815M,2
350-9052,2
350-6501BC,2
354-1507,2
25-46361,2
HTH-0600,2
350-7340MC,2
HSH-350,2
25-68800HP,2
350-2021,2
"15690S, 15690S",2
24-10480,2
4.190,2
350-1430,2
533-S,2
68-600,2
115-1169,2
MF-410470,2
25-00500,2
354-2254,2
PSF8084532,2
UNK STYLE 110,2
3542650,2
954,2
350-3004BC,2
354-3251,2
163-530,2
1458500,2
350-4501BC (BILAT),2
163-360,2
27-120261,2
350-1450,2
350-0350,2
350-1440,2
P0150375,2
25-81265,2
P014-280,2
J936H,2
350 1730T,2
68-650,2
354-1757,2
25-76223,2
15913000S0,2
1150000,2
HSL-420,2
MP8-310,2
15640000S0,2
12907000S0,2
20-280,2
350-7100,2
1467500,2
P0440475,2
15746S,2
354-6214,2
663G,2
525,2
MCGHAN 600CC,2
SILICONE GEL,2
27-468621,2
351-7250,2
15540S,2
27-MF120-295,2
25-85240,2
25-68511,2
354-2480,2
20-300,2
354-1208G,2
15060000S0,2
354-2913,2
350_1640,2
HSL-380,2
RE-6-235,2
586,2
N-TSX340,2
922,2
6-220,2
354-2620/354-2620,2
354-2610,2
153-450,2
GEL SALINE IMPLANT,2
810000,2
350-225S,2
115-354,2
PL350-1720,2
15600,2
RHP-300,2
27168421,2
STMKEC10GSS,2
354-1258G,2
334-1259,2
25-76321,2
HSL-0420-HSL-0420,2
350-1865,2
MCP426H,2
P014-260,2
REF 27-168331,2
VLOCL0024,2
983,2
354-2214,2
485CC,2
PL360-6350,2
P0140600,2
20-600,2
STYLE 37/133,2
350-3112,2
400-480 CC,2
360-5325MBC,2
REF FF-410475,2
25-76360,2
350-1370,2
25-40250,2
R1547,2
350-4251BC,2
2258500,2
GSRM-0340,2
354-2915,2
350-5501 BC,2
468-350,2
MP6-250 SIZE 6,2
354-1401,2
10-270,2
27-FX140-560,2
110-270,2
350-1010,2
27-MM125-320,2
240 G,2
P014-0340,2
110-330,2
3542670,2
363LF-560,2
15120000S0,2
6235,2
350-6275T,2
P0150250,2
27-363144LF,2
P0340300,2
3542630,2
350-2300,2
153-630,2
SNGCB,2
350-3116,2
395CC,2
25-68440LP,2
MF-410525,2
350-375S,2
324-1407,2
138026,2
MM5-250,2
27-363651,2
380 CC,2
27168511,2
354-4250,2
SCL320/365,2
20-750,2
25-90240,2
Y428H,2
354-6007,2
25-62376,2
3542525,2
PO14-245,2
1524000000,2
E2550,2
130307A,2
360-XXXX,2
27-153541,2
GEL,2
E1651,2
25-60XXX,2
354-2615,2
350-7150BC,2
20-400,2
10140000S0,2
350-375 IBC,2
22395S,2
595,2
27-36 3651,2
3544007,2
15-234,2
J495H,2
25-6831,2
MCGHAN 330 CC IMPLANTS,2
350-0450,2
N-TSX255,2
MM9-450,2
25-60501,2
25-40210,2
24-10300,2
UNAVAILABLE,2
7450BC57,2
350-2254BC,2
27-FM125-350A,2
375CC MENTOR X2,2
NOT AVAILABLE,2
15620,2
350-1645-BIL,2
350-4316M,2
RTT-2240,2
5758977,2
25-76240,2
MX-410520,2
27-LF120-270,2
944,2
946,2
22580000S0,2
27-168751,2
221,2
HSH-0600,2
HS-0340,2
68HP-800,2
197505,2
134053,2
25-68651,2
350-3504BC,2
25-81225,2
REF 10-300,2
60-6250-001,2
350-1450M,2
25-77XXX,2
11660000S0,2
468-270,2
15-457,2
RT 350-1645,2
1478500,2
15-421,2
350.1650,2
REF350-7450CC,2
350-1460,2
1520000000,2
1090900,2
350-3115,2
1600 ROUND,2
115-547,2
360-7275M,2
SGR -280-20,2
2311000S12,2
104911,2
3612ES-63-2I,2
350-2500,2
10512-410MP,2
P014-245,2
13330S,2
335,2
1291300,2
350-1835M,2
350-2751BC,2
350-3501,2
350-1920,2
STYLE 468,2
25-76000,2
SILICONE,2
115-401,2
25-40301,2
3542645,2
3507275,2
RE9-325,2
350-1730,2
350-7375BC,2
25-80200,2
MM6-300,2
468-300,2
20-800,2
354 - 1515,2
E1502,2
132705,2
E2350H,2
350-1820M,2
350-4004BC,2
HTH-0250,2
P014-0280,2
350-1835,2
20646-320RB,2
15640000SO,2
120-340,2
367,2
120-400,2
27-110361,2
20621,2
PL350-7300,2
350-1830M,2
350-1030,2
22585000S0,2
354-2460M,2
115-290,2
3505001BC,2
27-120551,2
1514000050,2
20-650,2
N-TSF365,2
354-2640/354-2640,2
P0140320,2
8-310,2
1290400,2
13310000S0,2
TISSUE EXPANDER #37-133500,2
N-27-168211,2
"HIGH PROFILE, ROUND DESIGN",2
E2516H,2
15-575,2
305CC,2
HTH-0275,2
300CC,2
360-7328,2
592,2
68/600,2
P0440300,2
3542625,2
22490000S0,2
RTT-2390,2
13280S,2
532-S,2
468-380,2
27-100201,2
25-80301,2
E14556,2
3545507,2
37712,1
"354-3507,354-3507,",1
360-7225M,1
354-2806M,1
354-7000,1
27110421,1
83570,1
REF 354-2625,1
"116405, 116405",1
2100,1
25-78290,1
5196501022,1
MF-410335,1
3509350BC,1
27-468-561,1
GC9912,1
1516000050,1
27-178221,1
98,1
RE6-235,1
350-1011,1
8100000000,1
P587018503,1
67500020,1
"354-3507,354-3507",1
3612-08R,1
PS150013,1
149080050,1
20646-370RB,1
P014-0320,1
HS360-6450;M,1
RE 9-325,1
10521-405HP,1
25-68XX,1
25-76-220,1
27-FX115-315,1
P014-380,1
104477-005,1
350-16450,1
PO14-0360,1
360-5450 MBC,1
27-LF140-440,1
LEFT MP5-220,1
354-2620 175 CC,1
40-400,1
21580S,1
STYLE 68 MP 68-300,1
P0140500,1
156205,1
354-4650/354-4700,1
99071,1
P0340150,1
HSH-450,1
334-11157,1
10580S,1
27-168XXX.,1
351-7275,1
25-76XXXX,1
"354-2915,354-2915",1
PL 350-1930,1
25-85320,1
27-168 241,1
JTF3-MX125-370,1
10905000S0,1
360-5275 MBC,1
RT# 6008055-013,1
"350-1670,350-1670",1
10-420,1
350-4308M,1
"RE6235, LE6235",1
R RE8-295   L RE8-295,1
27-MF125-335,1
HLT-0270,1
153-360,1
27-468-451,1
15690000S0,1
PO 15-0325,1
45-700,1
204-678,1
INFO NOT AVAILABLE,1
1572000S0,1
"27-168271, 27-168271",1
"995, 990",1
350-9275BC,1
3503380,1
YA-1012Q,1
9160F,1
102082,1
3542460,1
MX-410445,1
"25-76221, 25-76241",1
RT 27-168391 390CC,1
993-NO-FIXATION PATCHES,1
3542680,1
27168451,1
8623H,1
1385108Q,1
27-363158LF,1
002,1
E1653,1
KS-005,1
168-550,1
285/325,1
RT 25-68271,1
354-4501,1
350-2700,1
"RE 9-325, SIZE 9, 325 GRAMS",1
905-4,1
"25-85240, 25-85241",1
350-1170,1
STYLE 2600 SILTEX,1
LEFT 3500300,1
REF-350-1650,1
RLP-360,1
354-2830 M.,1
350-1720T,1
6-235,1
27-16841,1
350-7004BC,1
597,1
HSH-0420,1
MF-410420,1
350-4001 BC,1
SN5765497-007,1
350-2166,1
SU130-1411,1
"15913000S0, 15912000S0",1
134044,1
N-TSF415,1
2575820,1
SCL,1
N-27-FF130-425,1
20646-425RB,1
3542845M,1
3501660,1
350-6145,1
27-MX155-685,1
350-0540,1
PL3605303,1
324-1257,1
27-FF155-740,1
350-2250,1
350-1655/350-1655,1
524,1
350-1850 M,1
RIGHT MP6-250,1
STYLE 168,1
52-76XXX,1
223455,1
354-2650 RIGHT&LEFT SILTEX2600,1
REF 20-350,1
27-363322,1
3507350BC,1
168-800,1
PO14-0280,1
"21880000S0, 21880S",1
410-2200,1
11080-S,1
NUNK,1
"350-7200, 350-7225",1
20645-400MP,1
25-76260,1
STYLE 60,1
25-68181,1
350-2230,1
J422H,1
354-2815M (BOTH LEFT AND RIGHT,1
345 2515,1
354-4504,1
LT P015-0350/RT P015-0375,1
270 CC,1
P0150600,1
25-60281,1
UNK PENCIL,1
1400500,1
2232-03-18,1
363LF,1
27-168271 RIGHT,1
354-5504,1
350-7325BC,1
3601630,1
328-3,1
25-20 160,1
0038118,1
MP9-350,1
675,1
354-283M,1
N-27-MX125-370,1
350-7600BC,1
900-003-015,1
RIGHT 3500550,1
27-FM110-235,1
"1979/974, 1983/994",1
2600 SILTEK,1
350-4400,1
NO. 27-168451,1
15-616,1
3507200,1
350-125S,1
OHP-255,1
(L)15160000S0,1
RIGHT/LEFT BR-STYLE 68MP 390CC,1
R 993,1
E14556NSB,1
6-93,1
133FV-16,1
15760000S0,1
98218,1
468-56,1
FM-410500,1
"25-76222 ROUND, SOFT, GEL-FILL",1
SGR-220:20,1
22675S,1
350-4303M,1
68HOP-320,1
12000,1
360-7245,1
DYNJ35914B,1
701814RMC,1
P01406,1
354-2712 / 354-2712,1
15700S,1
138100,1
RT 27-168241,1
S34/S,1
SGR-160:20,1
402-2204,1
354*2007,1
130309,1
205,1
67-133MV16,1
20/650,1
HPH-0300,1
"13280S, 13290SRT",1
120-550,1
27-12041,1
RT-995,1
25-76181,1
470,1
60-2450-120,1
2239500,1
(RT)973,1
99226,1
354-2440 M,1
"P0-15-0250, P0-15-0450",1
CUSTOM-N89-A,1
1520616,1
02-0461,1
360-5275MBC/360-5275MBC,1
1631530CC,1
"25-70240, 257601, 25-80361",1
34-2670,1
197805,1
320CC,1
RE14-550,1
ME 6-250,1
354-6215,1
27-MX125-370,1
997/997,1
350-2640,1
27-168 271,1
RTT 2420,1
354-1007,1
R25-76241  L25-7621,1
"993-CC, P014-0320,P014-0300",1
15720S,1
30350000S0,1
E14504,1
HSH,1
Y426H,1
324-1307,1
2067000030,1
350-4505BC,1
"350-6250BC, 350-5225BC",1
25-40281,1
PR89014-08/PR89014-08,1
27-168-391,1
LEFT 922,1
13080000S0,1
MENTOR,1
DYND20326,1
PL350-1830M,1
10512-450,1
PL360-7175,1
(L)-13310S,1
"350-6175, 350-6200",1
PO15-0325,1
27178201,1
N-TSX525,1
25-80140,1
A000362,1
"22885S, 228850000S0",1
76 25-76222,1
SGR280:20,1
350-9002,1
27-168801,1
942,1
354-2757 354-2757,1
354-2420M,1
981,1
25-40220,1
354-2635 X 2,1
540-600,1
25-76222 ROUND SOFT GEL-FILLED,1
HSL-340,1
"6-250, 5-220",1
FF-410655,1
25-26000,1
364-246DM,1
STYLE 1600 ROUND,1
350-9325BC,1
15-0200,1
354-5007,1
10160000S0,1
350-8150,1
"25-85200, 25-76100",1
1491800,1
250-3420,1
NO. 25-64321,1
350-0250,1
250-3310,1
25-40181,1
P0450475,1
3252-82-D,1
68 HP,1
354-2514/350-DOMPK,1
351-7400,1
92271,1
79F-TB,1
861 & H0269,1
"350-1730T,350-1740T",1
445CC,1
R-3542757; L-3542757,1
25-70XXX,1
25-7622,1
97C,1
27-468XX,1
RE9325,1
350-9300BC,1
UNK STYLE 163,1
350-9350,1
350-135,1
938        VOL. 350,1
13320S,1
921,1
SU130-1320,1
350-1874,1
25/76/280 (50CC EA),1
"10080000S0, 1050000S0",1
GC9584,1
MP5-220,1
E2561H-GNSB,1
VEDR01,1
RTV-2420,1
5152-100,1
10-390,1
350-8400/350-8400,1
27-363144 LF,1
2158000S0,1
5586935-039,1
25-77185,1
25-81XX,1
"976, 975",1
N-27-MM120-280,1
RM1225,1
13120-S,1
963,1
LT:27153540,1
350-1950M,1
L-P014-340,1
25/76/220,1
350-1660 / 350-1660,1
485 CC,1
PL350-1940,1
27-178361,1
68-550,1
354-4325,1
350-4450 BC,1
996-996,1
25-20501,1
350 1830M,1
GRLM-0420,1
88-1087,1
"LEFT 27168361,RIGHT 27168361",1
REF-25-68331,1
P0450250,1
363LF-410,1
360-5300MBC,1
27-153451,1
N-27-MX135-445,1
360-522,1
2576220,1
MM-410215,1
N-27-MF135-420,1
NOT ON PRODUCT,1
25/76/222,1
350-5175,1
SGR-200:20,1
5001375,1
3507300,1
45-400,1
6628-1-1975,1
970-6,1
42642,1
STYLE 168 240CC,1
L: 350-1640 R: 350-1635,1
P0140150,1
MP4-190,1
27-MX115-290,1
13124980,1
P015-0325 X2,1
15220,1
UNMK,1
RE-9-325,1
"350-1640,350-1640",1
350-6150,1
25-76-180,1
350--2218,1
"993, 994",1
27-110-211,1
20-700,1
FF-410740,1
"25-76241, 25-76240",1
STYLE 1600,1
"3605260, 3605275",1
RIGHT 350-4004BC,1
350-1360,1
354.2640,1
(R)13310S,1
PL360-5350,1
350-3254 BC,1
225856,1
27-MX150-620,1
UNK BEL BREAST IMPLANT,1
PR89014-07,1
DYNJS0104,1
325CC,1
8368-82-B,1
110-480,1
HSL-3040,1
27-153-451/27-153-721,1
354-2625/354-2625,1
1382802-0775,1
350-1860M /350-1860M,1
27-363391,1
10-210,1
"RE4-255, RE6-235",1
27-168701,1
541,1
JUVEDERM (VOLUME/CONCERT RATIO,1
15916000S0,1
11480000S0,1
RHP-360,1
STYLE 68MP; SIZE 270CC,1
RE 11-385,1
R-22495S,1
"P045-0150, P044-0275",1
354-3757/354-3757,1
P0705,1
NO 27-168301,1
STYLE 168 DIAPHRAGM VALVE,1
MF-410640,1
68 LP-225,1
251801320,1
RE9-325CC,1
SALINE FILLED 530 CC,1
PL350-1840,1
20340000S0,1
MP 5-220,1
UNK STYLE 133,1
3M 25-7620,1
RE11-385,1
(L) 992,1
FF-410375,1
25-40561,1
22490000050,1
475 CC-570CC,1
27178321,1
134046,1
27672,1
15-600,1
25X-68XXX,1
P015-0600,1
LT-994,1
"971, 84423, 84424",1
15-700,1
MP-5-220,1
3-160,1
J123H,1
350-5004BC,1
27 168331,1
CSN: 19571322 MRN: 364468,1
1524-000000,1
0014,1
351-7200,1
354-4001,1
2311000512,1
HSL-0340 R AND L,1
354-2840 M,1
2716241,1
"RT-354-2660, LT-354-2600",1
27 - 168361,1
354*1507,1
350-7501BC,1
PO15-0600,1
354-5007/354-5007,1
25-68601,1
ESPB3000,1
334-1452G,1
LT-350-1650,1
P014-150,1
N-TSLP280,1
25-68701,1
RDL-210:70,1
7-255,1
162,1
3542515,1
"PO15-350, PO15-375",1
MN5784,1
CLR602,1
354-2630/354-2630,1
3542711,1
26 - 40281,1
PRODUCT #2049000050,1
UN MAMMARY IMPLANT,1
"22585000S0, 2258500",1
M-CTR,1
ES0014AM,1
150CC,1
REF# 354-2513,1
2305000S12,1
350 1430,1
P014,1
S25,1
1400 ROUND,1
350-1660/350-1660,1
354 2257,1
350-0894,1
25-40461,1
21880000S0,1
535CC,1
2580241,1
"10120000S0, 10620000S0",1
"25-56401, 25-56201",1
PL360-5250,1
PS78084-14,1
PO-15-0250,1
285,1
114-401,1
350-275BC,1
E2515,1
HSL -0420,1
15680S,1
27-168151 BILAT,1
PM-530,1
5026,1
R: 937,1
67-133MV15,1
P034-02800,1
DYNJWE1321A,1
3504450 BC,1
REF163-440,1
15240000 S,1
FL8902/EY5960,1
P-895,1
3544507,1
99,1
UNK STYLE RTV,1
3612ES-16I,1
"25-80241, 25-80261",1
27-168121,1
MM-410360,1
3154-2714,1
P0440200,1
27-120261 RIGHT & LEFT,1
THE RIGHT ONE STYLE,1
(LT)973,1
2307000S12,1
"RLP320, RLP400",1
3611ES-204-2I,1
LEFT350-4004BC,1
27-LF145-490,1
P0340340,1
UNK STYLE 10,1
HSL-0425,1
130316,1
2046000050,1
"25-80221, 25-80201",1
E2350HGNSB,1
SPEC 80329,1
132808,1
HSL - 0300,1
274683001,1
25-7621,1
27- 468XXX,1
542-5,1
37-131900,1
27-MF105-195,1
27-100161,1
810041B,1
UNSURE,1
2465000S12,1
2S-76401,1
STYLE 168 300 CC,1
350-18XX,1
ESRK3002,1
"3507275, 350-7275",1
15764S,1
"LT 9330939,MEME RT 9230907",1
6212-00-041,1
RLP-340,1
350-2225,1
"15680S, 15680000S7",1
350-0600/350-1750T,1
350-6750,1
354-2450,1
3506004BC,1
3611ES-199-2I,1
RTV-2390,1
120-440,1
3543507,1
510545-BP,1
360-7225  209909,1
2600 SILTEX,1
REF 115272,1
RLP360,1
350 -1635,1
RLP320,1
19760S,1
25-07140,1
PL350-6250,1
FILLED BIOCELL,1
536,1
25-40445,1
RLP400,1
1290600,1
350-2635,1
HSL0340,1
RHP 180,1
354-LBGX/354-LBGX,1
72-168331,1
"27-168391, 27-168211",1
340-4004BC,1
4360-00-049,1
SC1780G,1
REFERENCE   3503560,1
UKN,1
PL3607225,1
351-6275,1
25-68425HP,1
SGR-320:40,1
RF310F,1
0112720,1
115-507,1
350-9030,1
RE-12-445,1
45-800,1
2240500S0,1
HTL-0540,1
134050,1
152-0000050,1
535-S,1
0500110000,1
275-1525,1
250-7300,1
27468301,1
350-2375,1
SGR-400:40,1
PL350-1620,1
P015-0425,1
2309000512,1
3610ES-76,1
2158000050,1
VARIOUS,1
UN,1
982,1
387,1
GRLM-0380,1
FX-410495,1
110,1
P0440260,1
27120301,1
UKNOWN,1
1512000S0,1
360-7325M,1
11-450,1
350-2014,1
32-0170,1
HTH 0305,1
30-36600,1
PO14-0230,1
37601,1
27-16-353,1
REF 24-20350,1
PL350-6225,1
354-2835 M,1
RE 7-255,1
15200000S0,1
650-6225,1
2232-03-01,1
4647010,1
350-1810,1
R) 354-2880M/L) 354-2870M,1
UNKNWOWN,1
0721-565HP,1
P034-0230,1
PL350-6350,1
"350-1020, 350-1020",1
350-21230,1
25-81226,1
350-4400BC,1
350-1650-(BILAT),1
350-6226,1
1014000050,1
17614448,1
15760S,1
"350-1645, 350-1645",1
P0440550,1
10/201,1
354-3000,1
25-64501,1
"L 3501840M, R 350-1810M",1
21780S,1
P525-0400,1
P0440250,1
534-2660,1
350-1720,1
S04-84851,1
27-178XXX,1
"HH097793, HH036148",1
MM-573,1
11650000S0,1
27163531,1
RIGHT 977,1
350-9054,1
N-TSX310,1
"350-8200, 350-8225",1
850-201,1
"350-7350, 350-7350",1
240 CC,1
3508175,1
HSL 0460,1
FF-410425,1
"25-76301, 25-76301",1
10180000S0,1
RT - 384,1
14-600,1
60-0815-001,1
354-2757  354-2757,1
L-22495S,1
J375H,1
N-SSM275,1
PO 14-0245,1
15680000S0,1
350-2350,1
350-4225BC,1
7317,1
RSZ-3001S,1
27-00168,1
P014-210 LEFT,1
PO 14-0320,1
1336000 (LEFT IMPLANT),1
35442880M,1
5076-52,1
10100000S0,1
25/80/320 CC,1
927,1
25-20 220,1
STYLE 10 480CC,1
501R,1
"R=2582351, L=2581346",1
HIGH PROFILE,1
350-1251,1
PO340150,1
60-0600-001,1
552,1
MLP-230,1
133MV-15,1
(L)12-445,1
RT 354-3007,1
PECTORAL,1
350-9020,1
350.8001BC,1
25-76400,1
27-163791,1
360 CC BREAST SALINE IMPLANTS,1
25-80260,1
133SV-13,1
3542712,1
363LF-330,1
350-2001BC,1
2568400HP,1
20480000S0,1
810-1000/810-1000,1
350-3190,1
395 CC,1
UNK GEL BREAST,1
21480S,1
350-73501BC,1
CUSTOM IMPLANT,1
247000512,1
25/80/220,1
354-8001,1
LT 354-3007,1
GSRM-0270,1
"25-76000, 25-76000",1
N-TSX375,1
300G,1
HSL-0430,1
L 990,1
354 2511,1
350-LBGX,1
27-16848,1
425,1
351-3257,1
27-168XX,1
AR40E,1
25-45601,1
350-XXXS,1
P0150125,1
REF 354-2913,1
"1490600, 1490800",1
GSRM-0380,1
25-85320 RIGHT & LEFT,1
"L) 25-76301, R) 25-76301",1
2162,1
11650S,1
2140,1
275178241,1
REF 168-600,1
25-8116,1
37-133XXX,1
LEFT SIDE 974,1
25-80360,1
354-2500,1
471620,1
MT4060LYK5-CP,1
360-3215,1
24-20260,1
N-TRM240,1
354-28500,1
C0023625,1
20676-400E,1
354-2470,1
BP540,1
"25-76260, 25-76260",1
95277,1
PFRP01,1
354-2660 / 354-2670,1
3502020,1
350-4300BC,1
350-4751BC,1
HTH-0380,1
350-7300 BC,1
SGR-220:40,1
53-S,1
PM028A,1
27-178401,1
"10160000S0, 10660000S0",1
HSL 0300,1
354-2830 M,1
L-998,1
H25-77215,1
N-27-FX155-775,1
10911000S0,1
"ME3-160, ME2-140 RT",1
354-2680/354-2680,1
410FX,1
228,1
SGR-400:25,1
RLP-300SPF,1
SMOOTH,1
MCP427H,1
354-2460M/354-2460M,1
134031,1
25-85461,1
350-1640/ 350-1640,1
DNA,1
964-964-1,1
MM8,1
3502501BC/3503004B,1
15240000S0,1
15200-S,1
HSL-,1
354-2514/354-2514,1
ME4-190,1
354-2840M/354-2840M,1
27-MM120-280A,1
QN0520,1
25,1
354-285OM,1
HSH0450,1
PO45-0450,1
25-76160,1
11040000S0,1
224 9500,1
133405,1
NO.25-80240,1
MP5-2203,1
SNVC1450,1
"(L) 27-168651, (R) 27-168651",1
27-MF115-255,1
N-27-MM125-320,1
350-7400 BC,1
DOUBLE LUMEN,1
515180000S0,1
25-80300,1
LT 350-1650,1
RHP-450,1
RTT2360,1
P014-0360,1
P304-896-59,1
350-6001BC,1
3610-10,1
120-300,1
"11480000S0, 88776-88C",1
354-2460,1
27.468271,1
26100005121,1
20621-325MP,1
HSL0300,1
LEFT-354-3257,1
RT 350-1655,1
1020000S0,1
350-1750T/350-1750T,1
27168391,1
10-355,1
1170600,1
RDX-350:350,1
3548214,1
110-300,1
LT-350-7300 BC,1
2568271,1
10660S,1
HSL - 0380,1
R-993,1
350-3535,1
3503251BC,1
RE 8-295,1
153-720,1
350-1171,1
P045-0375,1
1382802-0776,1
59248,1
350-475S,1
350-2016,1
25-80300 RT & LT,1
"160000S0, 1016000S0",1
3542880M,1
35-2670,1
15120000 SO,1
350-5504,1
92454,1
03509885018,1
10620S,1
SGR-240:20,1
P0440375,1
"RLP200, R00ND",1
354-2630 /354-2630,1
GRLM-0460,1
N-27-120181,1
PRODUCT# 2049000050,1
RT SIDE 973,1
350-0400/350-0350,1
350-0350/350-0450,1
354-2213,1
27-10020L,1
15650S,1
RLP-220,1
ST-MM120-280,1
10060000050,1
P014-0245,1
EXPANDER    EXPANDER,1
REF# 27-153631,1
354-4007/354-3507,1
"LT 90H06-5-064097S,(MORE)",1
"354-1757,354-1757",1
27-153361,1
350-2750,1
354-7501,1
1514000050/1510000050,1
SMOOTH WALL SILICONE,1
15680 S,1
25-40401,1
24-10550,1
HSL,1
925--1,1
MF-410580,1
15620S,1
351-7225,1
350-2227,1
"25-77186, 25-77226",1
"15120180S0, 15160220S0",1
3542640,1
350-1660 (X2),1
27-150496,1
360-7625,1
45-0225N,1
"133305, 116605",1
15700000S0,1
3612ES-62-2I,1
350-3254BC,1
360-8285,1
151800 000,1
351-6450,1
N-27-150386,1
PW6052,1
26265S,1
68HP-650,1
350-72725BC,1
27-11-211,1
25-82200,1
15680000S7,1
IMPLANT SIZE 339CC,1
89-1612,1
MP7-280,1
RT & LT P014-440,1
450CC,1
250 CC IMPLANT,1
25/50/266,1
N-TRLP250,1
350-2004BC,1
354-2860,1
"594, 994, 995",1
354-2712 /354-2712,1
25-82350,1
LOW BLEED STYLE,1
(R) 974,1
"974,974",1
360-6325,1
25-81165,1
350-4325BC,1
27-120XX,1
10120000S0,1
350-6450 BO,1
27168241,1
13300S,1
35425,1
2317000512,1
20621-440HP,1
E2100,1
360-7375,1
"354-2660,354-2660",1
105842,1
1440500,1
PO14-0400,1
RE7255,1
"13-500, 12-445",1
12004,1
20621-50HP,1
25-85321,1
25-80-200,1
168-180,1
REF 25-68361,1
350-7275BC /350-7275BC,1
57062,1
945,1
22145S,1
350-8004BC (BILAT),1
15160220S0,1
3542860M,1
LEFT 2258500,1
"350-8175, NA",1
03038106160,1
FORCEFXC,1
350-1640 (BILATERAL,1
LM09032-00,1
RIGHT-08200,1
305-3380,1
GEL IMPLANTS,1
27-FM135-440,1
25-80181,1
800-500,1
27-16860,1
102196,1
507685,1
280-320 CC,1
354-2504,1
LEFT-06600,1
1314000S0,1
354-2810M,1
1330000,1
360 5300,1
STYLE 363LF,1
15746000S0,1
35-1660,1
2564281,1
E1552-6,1
354 2640 (RT),1
DO NOT KNOW,1
RIGHT 27-168361,1
P014-210 RIGHT,1
25-6833,1
22390000S0,1
25-56321,1
"22485000S0, 22448500",1
354-28XX,1
360-5175M,1
25-82310,1
1624W,1
XLD7-2683,1
7161,1
27-863XXX,1
360-6175; 360-6200; 360-6225,1
350-4754BC,1
260-300 CC SILICONE,1
20-550,1
350-5650 BC,1
20-475,1
168-450,1
27-110XX,1
386,1
27-FF140-535,1
350-2650BC,1
27-MM130-360,1
PO15-0350,1
"360-7225M, 360-7225M",1
350-7125BC,1
350-16XX,1
"15190000S0, 15220000S0",1
120-600,1
(R)-13300S,1
G4260005,1
20540000S0,1
20621-525U,1
25-80-220,1
NOT REPORTED,1
27-163-361,1
529,1
543-S,1
350 9054,1
330 CC,1
97714,1
350-4254 BC,1
1331-000000-50,1
RT5631335,1
"N410183, N450371",1
SL5636,1
RET 350-1630,1
PATIENT NOT GIVEN DATA,1
OLP-320,1
220CC,1
"10200000SDRL, 10700000SDLT",1
10512450,1
MP9-350 R&L,1
101371300,1
350-3121,1
SILTEX 150,1
"H34123, L110480",1
364-2640,1
PR90005504,1
10700S,1
571661-8,1
10521-435HP,1
25-46221,1
350-6225BC,1
796,1
N A,1
HS360-6450; M,1
D224TRK,1
27-11-241,1
354-3004/354-3004,1
350-7200 BC,1
25-81185,1
STYLE 163 BIO DIMENSIONAL,1
350-16501,1
350-750,1
PO140170,1
5747521,1
354-268,1
R633H,1
13285S,1
350-1870M,1
350-1695/350-1695,1
2040000050,1
350-3110,1
22398000S0,1
SILTEX,1
11630S,1
GIOCELL,1
363LF-690,1
HSH-420,1
941,1
SU130-1321,1
863740,1
DONE HERE,1
3607225,1
#110-300,1
350-451BC,1
"STYLE 68, LOW PROFILE",1
350-1680/350-1680,1
3501640,1
RE-11-385,1
15-213,1
25-68500HP,1
350-274BC,1
3542715,1
25 76260,1
360-27425,1
27153451,1
400-2100,1
UNK STYLE 120,1
350-4250BC,1
88-9727,1
163-655,1
LEFT 27-168301,1
3542870M,1
350-1845M,1
350-425S,1
468-560,1
1518000000,1
354-2410M,1
"ME 4-190, SIZE 4",1
37-133500,1
APPROXIMATELY 250CC,1
350-7225BC,1
360-535M,1
PM-9043,1
E1452,1
27-FX130-450,1
LT 27-168271,1
354-4300,1
27-468-357,1
25-40275,1
27-363231,1
354-2800,1
350-9350 BC,1
68MP,1
15640S,1
RT:27153540,1
68-800,1
MST8,1
"1862000000, 206000000",1
HSL-3080,1
ATTACHMENT,1
27-153-721,1
110-150,1
354-2645/354-2645,1
3545000,1
27-16-8151,1
SALINE IMPLANT,1
130380,1
3542480 M,1
SGR 160:20,1
2278500,1
HSL - 0270,1
P 015-0450,1
32-0533,1
"354-3757, 354-4007",1
PL350-7275,1
974-1,1
RSZ-2254,1
RSZ-6004,1
2600,1
2500500,1
354-3757 354-3757,1
360-6375,1
"25-7622L, 25-7626L",1
26260S,1
97300,1
"25-76-261, 25-6-261",1
354-3535,1
6212-00-020,1
350-9051,1
"22480000S0, 22390000SO",1
27-100361,1
60-3074-001,1
RLP-260,1
R-P014-300,1
354-2440-M,1
2700 SILTEX 275-300 CC,1
"NA, UNK",1
25/82/310,1
MHP-460,1
N-TRM520,1
27168331,1
991 & 524,1
2580260,1
"HM111359 LEFT,1111061125 RIGHT",1
10521-335HP,1
2S/76/260,1
25-76461,1
10521-605,1
360-5225M,1
25-81266,1
354-2650 /354-2650,1
UNK STYLE 115,1
P3367,1
350-771,1
LT UNK,1
350-5004,1
.3542645,1
HSL_0340,1
1514 000090,1
PO15-0500,1
544-S,1
"PL350-7225, PL350-7275",1
27-MM120-280,1
67-133MV13,1
235-1440,1
250-1830,1
2254500,1
37S,1
STYLE 82,1
SALINE/SMOOTH,1
RA-1002Q,1
REF 27-168241,1
350-3218,1
EF 350-3270,1
ST-MM130-360,1
356-7275,1
GRLM-0180,1
345-2640,1
DYNJSW1305,1
30-241100,1
350-1650 (BILAT),1
27 153XXX,1
25-68320HP,1
7605,1
RDD-310:90,1
25-46281,1
27-168211 210CC,1
2K8005,1
25-76320,1
RE-14-550,1
DOUBLE LUMEN GEL IMPLANT 76,1
7C15-01,1
1334000,1
354-7212,1
275CC,1
PL350-1950M,1
ECP0112GV,1
LT 350-1655,1
2-76320,1
27-MX140-520,1
27 - 468XXX,1
351-6125,1
260.070,1
PW6056,1
10512-380MP,1
10-360,1
354-2660/354-2660,1
MM-410400,1
8637-20,1
"R-#27-168391, L-#27168391",1
354-2810,1
P015-0325,1
505,1
TRL230,1
"RE9-235, RE9-325",1
MM-574,1
3509-1640,1
25/80/400,1
25-20-240,1
HTH-0200,1
5342,1
1091200,1
350-1730T,1
157460000S0,1
27-168271 LEFT,1
MN5783,1
70280,1
"SGR-220;20, SGR-260;20",1
"25-40261, 25-80221",1
300,1
27-168-331,1
354-244OM,1
(R)15180000S0,1
1578036050,1
HSL0270,1
9-350,1
FF-410185,1
68MP-330-360,1
(L)15660S,1
354-246M,1
88-5227,1
25 40561,1
PO14-0260,1
"350-1845M, 350-1845M",1
GEL IMPLNAT,1
899616,1
LT552951,1
N-TSL110,1
984,1
01.03716.450,1
RT-350-7250 BC,1
N-27-LF145-490,1
BOTH: 350-7225BC,1
350-1825,1
350-7425,1
68HP550,1
230900S12,1
350-1845-M,1
(L)11-445,1
350-3214,1
350-7300/350-7300,1
350-2507,1
3612ES-24-2,1
20580000S0,1
37602,1
12904000S0,1
176 - DOUBLE LUMEN GEL,1
SGR-400:50,1
354-7007/354-7007,1
360-1645,1
S2C4704K,1
354-2640/354 2640,1
MCP936H,1
426-0003,1
P8270007,1
7510800,1
351-475S,1
SMEC12R,1
ME 4-190,1
PL 360-7425,1
350-1950 MT,1
RE-5-215,1
40270,1
UNK_PRD_00007,1
? 25-68451,1
3544751,1
993 SERIES,1
ME 3-160,1
312-75/343-140,1
152460000S0,1
27 - 168XXX,1
"350-LBGX, 350-LBGX",1
365CC,1
P044-0200,1
186000000,1
350-2090,1
"RIGHT 85, LEFT 27-168271",1
9932,1
354-7112 (2),1
HSH0350,1
GEL 365CC,1
T0440225,1
27-FF110-255,1
27-0613S,1
139100,1
P044-0425,1
132859,1
UNK STYLE 68,1
PO34-0260,1
25-64281,1
113320S,1
HTN-0600,1
350-9053,1
"350-1670, 350-1670",1
"PO14-0260, PO14-0300",1
360-1640,1
PRODUCT 15180,1
22405,1
22885S,1
P0140380,1
20780000S0,1
25-60321,1
NA-NO RECORDS,1
"10140000S0, 10640000S0",1
22675000S0,1
27-468196/27-468196,1
"RLP-160, RLP-160",1
DK,1
ME-3-160,1
363LF-370,1
3030H,1
STYLE 68 MP,1
JP-HGF071,1
360-6200,1
25-60221,1
104502N,1
83A3093,1
11080,1
18600,1
25/90/240,1
ME9-350,1
RIGHT 2258500,1
22345000,1
2800354-2835M,1
HSL-030,1
HLS-0420,1
350-0200,1
15180-S,1
2160,1
MP7 280,1
"974, 975",1
101371800,1
375-400,1
EL5ML,1
3507175,1
R: 354-2460M L:354-2460M,1
ID#C-1983,1
115-378,1
27-16830,1
STYLE 2000,1
25-45XXX,1
350-2650,1
180 CC,1
