2017-09-21T19:55:59.591137,1,12.8708,0
2017-09-21T19:55:59.725996,2,11.8421,0
2017-09-21T19:55:59.865367,3,11.5161,0
2017-09-21T19:56:00.003233,4,10.5115,0.046875
2017-09-21T19:56:00.143106,5,9.77452,0.015625
2017-09-21T19:56:00.276962,6,8.64211,0
2017-09-21T19:56:00.414828,7,8.42678,0.0625
2017-09-21T19:56:00.547181,8,9.17961,0.0625
2017-09-21T19:56:00.688055,9,9.62952,0.03125
2017-09-21T19:56:00.828429,10,9.5071,0.015625
2017-09-21T19:56:00.962786,11,8.94006,0.03125
2017-09-21T19:56:01.102659,12,9.39349,0.046875
2017-09-21T19:56:01.246040,13,10.4588,0.078125
2017-09-21T19:56:01.384408,14,9.04612,0.046875
2017-09-21T19:56:01.524280,15,9.24984,0.015625
2017-09-21T19:56:01.665155,16,9.09805,0.015625
2017-09-21T19:56:01.817059,17,7.35211,0.046875
2017-09-21T19:56:01.957433,18,8.00511,0.0625
2017-09-21T19:56:02.097806,19,8.24549,0.046875
2017-09-21T19:56:02.230659,20,7.79856,0.078125
2017-09-21T19:56:02.373540,21,7.76823,0.0625
2017-09-21T19:56:02.510905,22,9.20118,0.046875
2017-09-21T19:56:02.643759,23,8.34851,0
2017-09-21T19:56:02.770596,24,7.79177,0.09375
2017-09-21T19:56:02.901945,25,8.38544,0.0625
2017-09-21T19:56:03.035300,26,7.18299,0.078125
2017-09-21T19:56:03.166650,27,7.07265,0.0625
2017-09-21T19:56:03.296495,28,9.0824,0.015625
2017-09-21T19:56:03.437871,29,9.10467,0.03125
2017-09-21T19:56:03.571226,30,7.738,0.109375
2017-09-21T19:56:03.706586,31,7.51062,0.03125
2017-09-21T19:56:03.837935,32,7.23593,0.015625
2017-09-21T19:56:03.970789,33,7.98522,0.0625
2017-09-21T19:56:04.100634,34,8.98553,0.03125
2017-09-21T19:56:04.230480,35,8.10237,0.015625
2017-09-21T19:56:04.363835,36,8.68793,0.046875
2017-09-21T19:56:04.501701,37,7.46012,0.046875
2017-09-21T19:56:04.631547,38,6.60386,0.0625
2017-09-21T19:56:04.764400,39,7.06281,0.046875
2017-09-21T19:56:04.894747,40,7.15184,0.0625
2017-09-21T19:56:05.031110,41,7.40082,0
2017-09-21T19:56:05.165467,42,7.70295,0.03125
2017-09-21T19:56:05.296817,43,7.46964,0.03125
2017-09-21T19:56:05.427665,44,8.03064,0.03125
2017-09-21T19:56:05.563025,45,7.53006,0.03125
2017-09-21T19:56:05.700391,46,7.10282,0.03125
2017-09-21T19:56:05.840764,47,7.61474,0.0625
2017-09-21T19:56:05.973617,48,7.69184,0.046875
2017-09-21T19:56:06.102962,49,8.47193,0.0625
2017-09-21T19:56:06.237319,50,6.95977,0.0625
2017-09-21T19:56:06.368167,51,7.14338,0.0625
2017-09-21T19:56:06.503527,52,7.55189,0.03125
2017-09-21T19:56:06.637885,53,6.02913,0.046875
2017-09-21T19:56:06.769234,54,5.74058,0.078125
2017-09-21T19:56:06.905597,55,7.2768,0.0625
2017-09-21T19:56:07.034440,56,7.32258,0.09375
2017-09-21T19:56:07.170301,57,6.60483,0.015625
2017-09-21T19:56:07.302654,58,7.64595,0.0625
2017-09-21T19:56:07.437512,59,7.60012,0.046875
2017-09-21T19:56:07.564851,60,5.75795,0.109375
2017-09-21T19:56:07.692190,61,6.95256,0.0625
2017-09-21T19:56:07.827550,62,7.46228,0.0625
2017-09-21T19:56:07.953886,63,7.34221,0.03125
2017-09-21T19:56:08.089246,64,6.20538,0.0625
2017-09-21T19:56:08.229118,65,6.63792,0.015625
2017-09-21T19:56:08.362473,66,6.83853,0.015625
2017-09-21T19:56:08.491817,67,6.32993,0.09375
2017-09-21T19:56:08.624169,68,6.44271,0.0625
2017-09-21T19:56:08.762036,69,6.84763,0.0625
2017-09-21T19:56:08.895892,70,7.05312,0.015625
2017-09-21T19:56:09.030751,71,7.32265,0.046875
2017-09-21T19:56:09.164106,72,6.46339,0.125
2017-09-21T19:56:09.298964,73,6.79457,0.046875
2017-09-21T19:56:09.426303,74,7.59289,0.03125
2017-09-21T19:56:09.560159,75,6.33657,0.109375
2017-09-21T19:56:09.695018,76,6.49025,0.078125
2017-09-21T19:56:09.823360,77,6.45828,0.046875
2017-09-21T19:56:09.954709,78,6.14499,0.078125
2017-09-21T19:56:10.084053,79,8.1259,0.03125
2017-09-21T19:56:10.219915,80,6.6679,0.03125
2017-09-21T19:56:10.357781,81,7.93083,0.03125
2017-09-21T19:56:10.493141,82,6.87038,0.09375
2017-09-21T19:56:10.620982,83,6.53587,0.046875
2017-09-21T19:56:10.754337,84,7.04582,0.03125
2017-09-21T19:56:10.889195,85,7.03102,0.078125
2017-09-21T19:56:11.023553,86,7.17769,0.046875
2017-09-21T19:56:11.158913,87,6.39629,0.09375
2017-09-21T19:56:11.292268,88,6.62107,0.046875
2017-09-21T19:56:11.427126,89,6.81029,0.046875
2017-09-21T19:56:11.561985,90,6.5493,0.03125
2017-09-21T19:56:11.698348,91,7.01379,0.0625
2017-09-21T19:56:11.830199,92,6.4069,0.03125
2017-09-21T19:56:11.961548,93,6.05565,0.078125
2017-09-21T19:56:12.096407,94,7.24267,0.015625
2017-09-21T19:56:12.233271,95,6.95867,0.09375
2017-09-21T19:56:12.360610,96,6.28046,0.03125
2017-09-21T19:56:12.493463,97,6.87837,0.0625
2017-09-21T19:56:12.626316,98,5.98805,0.078125
2017-09-21T19:56:12.753154,99,6.01901,0.09375
2017-09-21T19:56:12.881496,100,7.05493,0.125
2017-09-21T19:56:15.088868,101,6.38961,0.09375
2017-09-21T19:56:15.223226,102,6.94912,0.0625
2017-09-21T19:56:15.354575,103,6.90355,0.046875
2017-09-21T19:56:15.481914,104,6.50663,0.078125
2017-09-21T19:56:15.610757,105,5.7993,0.078125
2017-09-21T19:56:15.747621,106,5.65218,0.078125
2017-09-21T19:56:15.875461,107,6.07728,0.09375
2017-09-21T19:56:16.002299,108,7.48043,0.015625
2017-09-21T19:56:16.130640,109,5.99282,0.078125
2017-09-21T19:56:16.262992,110,6.66981,0.046875
2017-09-21T19:56:16.397851,111,7.27988,0.0625
2017-09-21T19:56:16.532710,112,6.4256,0.0625
2017-09-21T19:56:16.664059,113,7.35189,0.046875
2017-09-21T19:56:16.800923,114,5.62253,0.09375
2017-09-21T19:56:16.925756,115,5.7927,0.09375
2017-09-21T19:56:17.058107,116,5.96884,0.125
2017-09-21T19:56:17.184443,117,7.92503,0.046875
2017-09-21T19:56:17.313286,118,6.46377,0.0625
2017-09-21T19:56:17.450150,119,7.33275,0.109375
2017-09-21T19:56:17.578492,120,6.05324,0.140625
2017-09-21T19:56:17.713351,121,6.68362,0.03125
2017-09-21T19:56:17.840188,122,6.04547,0.0625
2017-09-21T19:56:17.974546,123,6.69092,0.03125
2017-09-21T19:56:18.107399,124,6.49324,0.0625
2017-09-21T19:56:18.240253,125,5.70043,0.0625
2017-09-21T19:56:18.368594,126,5.89867,0.09375
2017-09-21T19:56:18.500946,127,5.35428,0.15625
2017-09-21T19:56:18.634802,128,5.87839,0.078125
2017-09-21T19:56:18.762141,129,6.55275,0.046875
2017-09-21T19:56:18.888477,130,6.15697,0.078125
2017-09-21T19:56:19.021832,131,6.15285,0.09375
2017-09-21T19:56:19.155187,132,6.04966,0.078125
2017-09-21T19:56:19.282024,133,6.40204,0.046875
2017-09-21T19:56:19.414877,134,6.40154,0.140625
2017-09-21T19:56:19.539709,135,5.86983,0.125
2017-09-21T19:56:19.668552,136,6.00357,0.109375
2017-09-21T19:56:19.803411,137,5.97838,0.09375
2017-09-21T19:56:19.931753,138,6.30554,0.09375
2017-09-21T19:56:20.066612,139,6.04572,0.140625
2017-09-21T19:56:20.198963,140,6.51522,0.078125
2017-09-21T19:56:20.331316,141,6.64644,0.078125
2017-09-21T19:56:20.463668,142,5.80893,0.09375
2017-09-21T19:56:20.595017,143,5.24316,0.109375
2017-09-21T19:56:20.730879,144,5.29747,0.078125
2017-09-21T19:56:20.865738,145,6.50262,0.078125
2017-09-21T19:56:21.000095,146,6.44619,0.0625
2017-09-21T19:56:21.135455,147,6.65145,0.046875
2017-09-21T19:56:21.266303,148,5.46992,0.140625
2017-09-21T19:56:21.399658,149,6.59559,0.125
2017-09-21T19:56:21.531509,150,7.18989,0.09375
2017-09-21T19:56:21.672384,151,6.16037,0.171875
2017-09-21T19:56:21.801728,152,6.25611,0.078125
2017-09-21T19:56:21.929067,153,6.43251,0.015625
2017-09-21T19:56:22.056405,154,5.998,0.0625
2017-09-21T19:56:22.192267,155,5.98869,0.078125
2017-09-21T19:56:22.328128,156,5.98049,0.0625
2017-09-21T19:56:22.463488,157,6.23831,0.09375
2017-09-21T19:56:22.590326,158,6.20908,0.078125
2017-09-21T19:56:22.720171,159,6.93076,0.078125
2017-09-21T19:56:22.858539,160,6.87996,0.046875
2017-09-21T19:56:22.987884,161,6.29955,0.09375
2017-09-21T19:56:23.121740,162,6.03813,0.140625
2017-09-21T19:56:23.256598,163,5.87081,0.0625
2017-09-21T19:56:23.388950,164,6.38326,0.109375
2017-09-21T19:56:23.521804,165,6.17238,0.078125
2017-09-21T19:56:23.653154,166,5.97011,0.109375
2017-09-21T19:56:23.781495,167,6.2169,0.09375
2017-09-21T19:56:23.908332,168,6.05099,0.09375
2017-09-21T19:56:24.038178,169,5.70731,0.078125
2017-09-21T19:56:24.168023,170,6.40636,0.046875
2017-09-21T19:56:24.297868,171,5.04711,0.109375
2017-09-21T19:56:24.427213,172,6.05244,0.046875
2017-09-21T19:56:24.557058,173,6.43156,0.09375
2017-09-21T19:56:24.690914,174,5.92917,0.140625
2017-09-21T19:56:24.825773,175,5.59249,0.140625
2017-09-21T19:56:24.959128,176,5.41073,0.140625
2017-09-21T19:56:25.094488,177,6.15517,0.0625
2017-09-21T19:56:25.224333,178,5.66409,0.03125
2017-09-21T19:56:25.352173,179,6.18457,0.109375
2017-09-21T19:56:25.478008,180,5.49795,0.140625
2017-09-21T19:56:25.614872,181,6.27026,0.0625
2017-09-21T19:56:25.743715,182,5.79863,0.15625
2017-09-21T19:56:25.877571,183,5.69801,0.078125
2017-09-21T19:56:26.011929,184,5.68228,0.09375
2017-09-21T19:56:26.139267,185,6.01625,0.09375
2017-09-21T19:56:26.270116,186,5.80085,0.125
2017-09-21T19:56:26.400964,187,5.9674,0.140625
2017-09-21T19:56:26.530809,188,6.4786,0.078125
2017-09-21T19:56:26.657647,189,5.88191,0.09375
2017-09-21T19:56:26.786490,190,5.70534,0.0625
2017-09-21T19:56:26.914831,191,5.05582,0.109375
2017-09-21T19:56:27.047684,192,5.98263,0.09375
2017-09-21T19:56:27.183044,193,6.11663,0.078125
2017-09-21T19:56:27.313892,194,5.93847,0.109375
2017-09-21T19:56:27.449754,195,6.40954,0.03125
2017-09-21T19:56:27.578597,196,5.74002,0.15625
2017-09-21T19:56:27.710949,197,5.78088,0.09375
2017-09-21T19:56:27.845307,198,5.22831,0.171875
2017-09-21T19:56:27.984677,199,5.72915,0.09375
2017-09-21T19:56:28.124549,200,5.74208,0.109375
2017-09-21T19:56:29.638577,201,5.65473,0.109375
2017-09-21T19:56:29.771431,202,5.54423,0.140625
2017-09-21T19:56:29.901276,203,5.86246,0.140625
2017-09-21T19:56:30.032124,204,6.08181,0.109375
2017-09-21T19:56:30.161468,205,5.94524,0.140625
2017-09-21T19:56:30.299836,206,5.49612,0.078125
2017-09-21T19:56:30.432189,207,5.0463,0.1875
2017-09-21T19:56:30.560029,208,6.3403,0.09375
2017-09-21T19:56:30.687869,209,5.3354,0.15625
2017-09-21T19:56:30.818216,210,5.27274,0.1875
2017-09-21T19:56:30.951571,211,5.80436,0.046875
2017-09-21T19:56:31.080915,212,5.71515,0.09375
2017-09-21T19:56:31.213267,213,5.89166,0.078125
2017-09-21T19:56:31.342611,214,6.10129,0.09375
2017-09-21T19:56:31.472456,215,5.483,0.109375
2017-09-21T19:56:31.607315,216,5.63031,0.1875
2017-09-21T19:56:31.739667,217,6.10072,0.109375
2017-09-21T19:56:31.870515,218,5.7252,0.109375
2017-09-21T19:56:32.001363,219,5.428,0.09375
2017-09-21T19:56:32.135721,220,5.61892,0.15625
2017-09-21T19:56:32.269076,221,5.96406,0.09375
2017-09-21T19:56:32.400425,222,5.28778,0.109375
2017-09-21T19:56:32.532777,223,6.3748,0.140625
2017-09-21T19:56:32.671647,224,5.90877,0.078125
2017-09-21T19:56:32.803999,225,5.56849,0.125
2017-09-21T19:56:32.929834,226,5.70629,0.109375
2017-09-21T19:56:33.062186,227,5.75859,0.125
2017-09-21T19:56:33.193034,228,5.88571,0.109375
2017-09-21T19:56:33.325887,229,5.50584,0.109375
2017-09-21T19:56:33.457237,230,5.26132,0.140625
2017-09-21T19:56:33.587082,231,4.84692,0.140625
2017-09-21T19:56:33.714922,232,5.51667,0.046875
2017-09-21T19:56:33.842762,233,5.5906,0.078125
2017-09-21T19:56:33.972107,234,5.34668,0.140625
2017-09-21T19:56:34.097440,235,5.39421,0.15625
2017-09-21T19:56:34.230795,236,5.29231,0.140625
2017-09-21T19:56:34.363147,237,5.53529,0.09375
2017-09-21T19:56:34.495499,238,5.36187,0.109375
2017-09-21T19:56:34.620832,239,5.29606,0.171875
2017-09-21T19:56:34.749174,240,5.34041,0.15625
2017-09-21T19:56:34.882529,241,5.81435,0.171875
2017-09-21T19:56:35.007361,242,5.54112,0.09375
2017-09-21T19:56:35.140214,243,4.97998,0.125
2017-09-21T19:56:35.276578,244,5.50138,0.09375
2017-09-21T19:56:35.410934,245,5.21323,0.203125
2017-09-21T19:56:35.538775,246,5.42341,0.140625
2017-09-21T19:56:35.661100,247,5.68252,0.125
2017-09-21T19:56:35.793452,248,4.84333,0.109375
2017-09-21T19:56:35.925805,249,5.45671,0.078125
2017-09-21T19:56:36.051639,250,5.63005,0.109375
2017-09-21T19:56:36.183490,251,6.07428,0.09375
2017-09-21T19:56:36.319352,252,5.66362,0.140625
2017-09-21T19:56:36.444183,253,5.21311,0.125
2017-09-21T19:56:36.573528,254,5.51124,0.0625
2017-09-21T19:56:36.704877,255,5.57775,0.109375
2017-09-21T19:56:36.836226,256,5.59561,0.125
2017-09-21T19:56:36.969581,257,5.13555,0.1875
2017-09-21T19:56:37.101933,258,5.01431,0.171875
2017-09-21T19:56:37.228771,259,5.01928,0.140625
2017-09-21T19:56:37.355107,260,5.67834,0.109375
2017-09-21T19:56:37.486958,261,5.77536,0.171875
2017-09-21T19:56:37.612792,262,5.63885,0.140625
2017-09-21T19:56:37.738627,263,5.57453,0.15625
2017-09-21T19:56:37.870979,264,5.29071,0.140625
2017-09-21T19:56:38.003331,265,5.94746,0.09375
2017-09-21T19:56:38.127662,266,4.87902,0.15625
2017-09-21T19:56:38.256004,267,5.24058,0.125
2017-09-21T19:56:38.389860,268,5.32545,0.125
2017-09-21T19:56:38.514191,269,5.09921,0.15625
2017-09-21T19:56:38.644538,270,4.49168,0.1875
2017-09-21T19:56:38.779397,271,4.65542,0.15625
2017-09-21T19:56:38.905231,272,4.84206,0.078125
2017-09-21T19:56:39.037082,273,5.26361,0.140625
2017-09-21T19:56:39.167930,274,5.79169,0.109375
2017-09-21T19:56:39.296271,275,5.82234,0.15625
2017-09-21T19:56:39.422106,276,5.369,0.171875
2017-09-21T19:56:39.553456,277,4.77295,0.21875
2017-09-21T19:56:39.679290,278,5.37317,0.109375
2017-09-21T19:56:39.806629,279,5.63459,0.078125
2017-09-21T19:56:39.940485,280,5.18067,0.140625
2017-09-21T19:56:40.064315,281,5.75944,0.125
2017-09-21T19:56:40.191653,282,5.12853,0.15625
2017-09-21T19:56:40.324507,283,5.32429,0.140625
2017-09-21T19:56:40.455856,284,5.92367,0.0625
2017-09-21T19:56:40.585702,285,5.83481,0.0625
2017-09-21T19:56:40.710534,286,5.35221,0.09375
2017-09-21T19:56:40.843889,287,5.4837,0.15625
2017-09-21T19:56:40.976742,288,4.96039,0.109375
2017-09-21T19:56:41.110097,289,5.25539,0.140625
2017-09-21T19:56:41.238940,290,4.94858,0.109375
2017-09-21T19:56:41.375302,291,4.52583,0.09375
2017-09-21T19:56:41.506151,292,5.20782,0.15625
2017-09-21T19:56:41.630481,293,4.88395,0.21875
2017-09-21T19:56:41.760828,294,5.63096,0.125
2017-09-21T19:56:41.888668,295,4.98746,0.15625
2017-09-21T19:56:42.022023,296,4.96583,0.1875
2017-09-21T19:56:42.147357,297,4.85604,0.140625
2017-09-21T19:56:42.273191,298,5.07262,0.1875
2017-09-21T19:56:42.400530,299,5.2559,0.15625
2017-09-21T19:56:42.533885,300,4.6975,0.171875
2017-09-21T19:56:43.873950,301,5.19497,0.125
2017-09-21T19:56:44.009310,302,4.24451,0.1875
2017-09-21T19:56:44.136649,303,5.31509,0.15625
2017-09-21T19:56:44.272009,304,5.27743,0.234375
2017-09-21T19:56:44.406868,305,4.3645,0.21875
2017-09-21T19:56:44.541225,306,4.81172,0.140625
2017-09-21T19:56:44.668564,307,4.4494,0.125
2017-09-21T19:56:44.802420,308,5.23027,0.15625
2017-09-21T19:56:44.937279,309,5.50902,0.109375
2017-09-21T19:56:45.065119,310,4.33309,0.109375
2017-09-21T19:56:45.191956,311,5.11548,0.203125
2017-09-21T19:56:45.325813,312,4.64048,0.25
2017-09-21T19:56:45.456159,313,5.03873,0.171875
2017-09-21T19:56:45.583498,314,5.49161,0.15625
2017-09-21T19:56:45.713344,315,5.66088,0.15625
2017-09-21T19:56:45.848704,316,4.81055,0.1875
2017-09-21T19:56:45.975541,317,4.50432,0.125
2017-09-21T19:56:46.108896,318,5.08602,0.171875
2017-09-21T19:56:46.237739,319,5.33815,0.109375
2017-09-21T19:56:46.371094,320,5.19541,0.171875
2017-09-21T19:56:46.505952,321,5.35767,0.15625
2017-09-21T19:56:46.632790,322,5.79171,0.125
2017-09-21T19:56:46.769153,323,4.76705,0.1875
2017-09-21T19:56:46.904011,324,4.75935,0.15625
2017-09-21T19:56:47.032854,325,6.18667,0.125
2017-09-21T19:56:47.160694,326,5.49037,0.109375
2017-09-21T19:56:47.288033,327,5.1299,0.125
2017-09-21T19:56:47.420385,328,4.86847,0.15625
2017-09-21T19:56:47.552236,329,4.46105,0.234375
2017-09-21T19:56:47.685591,330,4.86722,0.171875
2017-09-21T19:56:47.818444,331,5.69998,0.15625
2017-09-21T19:56:47.950796,332,4.91002,0.171875
2017-09-21T19:56:48.078636,333,5.73456,0.125
2017-09-21T19:56:48.210989,334,4.7814,0.140625
2017-09-21T19:56:48.341837,335,4.74477,0.109375
2017-09-21T19:56:48.470178,336,6.22996,0.125
2017-09-21T19:56:48.595512,337,5.42424,0.125
2017-09-21T19:56:48.723853,338,5.07048,0.171875
2017-09-21T19:56:48.848685,339,5.16914,0.15625
2017-09-21T19:56:48.973016,340,5.03176,0.1875
2017-09-21T19:56:49.105870,341,5.61824,0.09375
2017-09-21T19:56:49.235214,342,5.15999,0.078125
2017-09-21T19:56:49.367566,343,5.45688,0.09375
2017-09-21T19:56:49.491896,344,5.06692,0.15625
2017-09-21T19:56:49.620739,345,5.01964,0.09375
2017-09-21T19:56:49.749582,346,4.78407,0.171875
2017-09-21T19:56:49.880931,347,4.7507,0.171875
2017-09-21T19:56:50.009774,348,4.32543,0.171875
2017-09-21T19:56:50.141123,349,4.86471,0.140625
2017-09-21T19:56:50.268462,350,5.0532,0.15625
2017-09-21T19:56:50.395801,351,4.34031,0.171875
2017-09-21T19:56:50.525145,352,4.89826,0.203125
2017-09-21T19:56:50.655492,353,4.83648,0.1875
2017-09-21T19:56:50.782831,354,4.92957,0.15625
2017-09-21T19:56:50.915684,355,4.7658,0.21875
2017-09-21T19:56:51.048538,356,5.4107,0.125
2017-09-21T19:56:51.180389,357,4.38726,0.21875
2017-09-21T19:56:51.312741,358,4.99646,0.15625
2017-09-21T19:56:51.437072,359,5.10129,0.125
2017-09-21T19:56:51.569424,360,5.36206,0.15625
2017-09-21T19:56:51.700773,361,5.24038,0.109375
2017-09-21T19:56:51.826608,362,4.92794,0.171875
2017-09-21T19:56:51.953445,363,4.44618,0.25
2017-09-21T19:56:52.084795,364,5.14883,0.125
2017-09-21T19:56:52.211632,365,5.38079,0.171875
2017-09-21T19:56:52.342982,366,5.25214,0.171875
2017-09-21T19:56:52.470320,367,4.66097,0.265625
2017-09-21T19:56:52.603675,368,5.74703,0.109375
2017-09-21T19:56:52.729510,369,5.28685,0.0625
2017-09-21T19:56:52.861862,370,4.88865,0.171875
2017-09-21T19:56:52.987697,371,4.50039,0.171875
2017-09-21T19:56:53.115036,372,5.08855,0.125
2017-09-21T19:56:53.241873,373,5.03257,0.21875
2017-09-21T19:56:53.372721,374,4.84602,0.171875
2017-09-21T19:56:53.500561,375,5.61056,0.171875
2017-09-21T19:56:53.627900,376,5.69102,0.09375
2017-09-21T19:56:53.760753,377,4.06018,0.203125
2017-09-21T19:56:53.886588,378,4.4329,0.09375
2017-09-21T19:56:54.017938,379,4.56056,0.21875
2017-09-21T19:56:54.148285,380,4.21365,0.171875
2017-09-21T19:56:54.281640,381,4.43862,0.171875
2017-09-21T19:56:54.412989,382,5.19643,0.171875
2017-09-21T19:56:54.540327,383,5.18615,0.09375
2017-09-21T19:56:54.670675,384,4.41095,0.203125
2017-09-21T19:56:54.805533,385,4.63473,0.21875
2017-09-21T19:56:54.930867,386,4.96195,0.1875
2017-09-21T19:56:55.053693,387,4.75429,0.265625
2017-09-21T19:56:55.184541,388,4.93784,0.15625
2017-09-21T19:56:55.310376,389,5.12386,0.171875
2017-09-21T19:56:55.442729,390,4.87571,0.171875
2017-09-21T19:56:55.569064,391,5.01681,0.15625
2017-09-21T19:56:55.705929,392,4.93233,0.125
2017-09-21T19:56:55.832265,393,4.72155,0.21875
2017-09-21T19:56:55.964115,394,4.74902,0.203125
2017-09-21T19:56:56.088947,395,4.9156,0.203125
2017-09-21T19:56:56.224307,396,3.94059,0.328125
2017-09-21T19:56:56.351647,397,5.26001,0.1875
2017-09-21T19:56:56.481993,398,5.60316,0.1875
2017-09-21T19:56:56.614346,399,5.1213,0.0625
2017-09-21T19:56:56.739178,400,5.05576,0.21875
2017-09-21T19:56:58.181515,401,4.82014,0.171875
2017-09-21T19:56:58.314870,402,4.87661,0.140625
2017-09-21T19:56:58.450731,403,5.14235,0.21875
2017-09-21T19:56:58.582081,404,4.52465,0.203125
2017-09-21T19:56:58.721952,405,5.1778,0.171875
2017-09-21T19:56:58.859318,406,4.90922,0.171875
2017-09-21T19:56:59.004203,407,5.41216,0.171875
2017-09-21T19:56:59.144076,408,4.30424,0.21875
2017-09-21T19:56:59.277932,409,4.75531,0.203125
2017-09-21T19:56:59.413793,410,5.02027,0.125
2017-09-21T19:56:59.546145,411,4.30156,0.140625
2017-09-21T19:56:59.673985,412,5.41962,0.140625
2017-09-21T19:56:59.808844,413,4.72073,0.171875
2017-09-21T19:56:59.942700,414,3.98603,0.328125
2017-09-21T19:57:00.077559,415,4.70904,0.15625
2017-09-21T19:57:00.211917,416,4.43337,0.1875
2017-09-21T19:57:00.348279,417,4.61912,0.171875
2017-09-21T19:57:00.477624,418,4.90858,0.1875
2017-09-21T19:57:00.606466,419,5.19817,0.09375
2017-09-21T19:57:00.743330,420,4.90281,0.15625
2017-09-21T19:57:00.869667,421,4.21998,0.234375
2017-09-21T19:57:01.048141,422,5.00079,0.178571
2017-09-21T19:57:01.185507,423,4.81515,0.203125
2017-09-21T19:57:01.313848,424,5.26998,0.1875
2017-09-21T19:57:01.451214,425,4.81614,0.171875
2017-09-21T19:57:01.579555,426,4.41252,0.265625
2017-09-21T19:57:01.707395,427,3.87622,0.28125
2017-09-21T19:57:01.837241,428,4.27227,0.3125
2017-09-21T19:57:01.971598,429,3.87485,0.265625
2017-09-21T19:57:02.104953,430,3.99332,0.25
2017-09-21T19:57:02.232292,431,5.16313,0.109375
2017-09-21T19:57:02.366649,432,3.81091,0.25
2017-09-21T19:57:02.500004,433,5.02054,0.1875
2017-09-21T19:57:02.625839,434,4.06418,0.140625
2017-09-21T19:57:02.751172,435,4.50021,0.203125
2017-09-21T19:57:02.881519,436,4.63588,0.265625
2017-09-21T19:57:03.013871,437,4.41736,0.15625
2017-09-21T19:57:03.145722,438,3.95741,0.34375
2017-09-21T19:57:03.276570,439,5.05809,0.1875
2017-09-21T19:57:03.411429,440,4.90525,0.171875
2017-09-21T19:57:03.546288,441,4.85067,0.140625
2017-09-21T19:57:03.676133,442,4.6239,0.234375
2017-09-21T19:57:03.805979,443,4.14824,0.203125
2017-09-21T19:57:03.941840,444,4.05944,0.265625
2017-09-21T19:57:04.077200,445,4.30698,0.25
2017-09-21T19:57:04.214064,446,4.35569,0.140625
2017-09-21T19:57:04.345915,447,4.45483,0.28125
2017-09-21T19:57:04.478267,448,4.39712,0.265625
2017-09-21T19:57:04.617137,449,4.43261,0.171875
2017-09-21T19:57:04.749990,450,4.30617,0.25
2017-09-21T19:57:04.891366,451,4.31781,0.265625
2017-09-21T19:57:05.028230,452,4.46628,0.125
2017-09-21T19:57:05.167100,453,4.48924,0.171875
2017-09-21T19:57:05.300956,454,5.13416,0.15625
2017-09-21T19:57:05.435313,455,4.56766,0.25
2017-09-21T19:57:05.574183,456,4.79107,0.1875
2017-09-21T19:57:05.710545,457,4.42962,0.21875
2017-09-21T19:57:05.844903,458,4.90509,0.171875
2017-09-21T19:57:05.984274,459,4.52448,0.171875
2017-09-21T19:57:06.122642,460,5.13171,0.15625
2017-09-21T19:57:06.255495,461,4.63483,0.21875
2017-09-21T19:57:06.387346,462,4.68371,0.171875
2017-09-21T19:57:06.521202,463,4.18331,0.171875
2017-09-21T19:57:06.657064,464,4.49691,0.1875
2017-09-21T19:57:06.791923,465,4.33217,0.265625
2017-09-21T19:57:06.929789,466,3.78801,0.296875
2017-09-21T19:57:07.067155,467,4.04579,0.265625
2017-09-21T19:57:07.196499,468,4.70344,0.171875
2017-09-21T19:57:07.324840,469,4.17846,0.28125
2017-09-21T19:57:07.461705,470,5.09996,0.25
2017-09-21T19:57:07.589544,471,4.47208,0.203125
2017-09-21T19:57:07.723902,472,4.55396,0.3125
2017-09-21T19:57:07.857758,473,4.51511,0.1875
2017-09-21T19:57:07.988606,474,4.04331,0.296875
2017-09-21T19:57:08.124969,475,4.75968,0.171875
2017-09-21T19:57:08.255817,476,4.50224,0.1875
2017-09-21T19:57:08.391678,477,5.0825,0.15625
2017-09-21T19:57:08.527039,478,4.64134,0.203125
2017-09-21T19:57:08.661897,479,4.81205,0.171875
2017-09-21T19:57:08.796756,480,4.33062,0.25
2017-09-21T19:57:08.933620,481,3.97565,0.3125
2017-09-21T19:57:09.063466,482,5.21707,0.203125
2017-09-21T19:57:09.193813,483,4.97215,0.15625
2017-09-21T19:57:09.325162,484,3.63506,0.359375
2017-09-21T19:57:09.456010,485,4.26682,0.21875
2017-09-21T19:57:09.587861,486,5.69518,0.171875
2017-09-21T19:57:09.717707,487,3.49789,0.28125
2017-09-21T19:57:09.853568,488,4.28623,0.15625
2017-09-21T19:57:09.982912,489,4.03872,0.3125
2017-09-21T19:57:10.113259,490,4.57925,0.171875
2017-09-21T19:57:10.247115,491,3.83202,0.28125
2017-09-21T19:57:10.381974,492,4.30422,0.25
2017-09-21T19:57:10.518337,493,4.67967,0.203125
2017-09-21T19:57:10.654198,494,4.6713,0.3125
2017-09-21T19:57:10.790561,495,4.44898,0.171875
2017-09-21T19:57:10.920406,496,4.63393,0.15625
2017-09-21T19:57:11.055766,497,4.83236,0.21875
2017-09-21T19:57:11.188620,498,4.25615,0.1875
2017-09-21T19:57:11.325484,499,4.57583,0.203125
2017-09-21T19:57:11.463358,500,4.49467,0.21875
2017-09-21T19:57:12.969866,501,4.88224,0.1875
2017-09-21T19:57:13.106229,502,3.56576,0.328125
2017-09-21T19:57:13.242591,503,4.54987,0.203125
2017-09-21T19:57:13.378954,504,4.65955,0.1875
2017-09-21T19:57:13.517824,505,4.61,0.203125
2017-09-21T19:57:13.655690,506,4.46547,0.296875
2017-09-21T19:57:13.795061,507,3.8459,0.328125
2017-09-21T19:57:13.927413,508,3.79424,0.3125
2017-09-21T19:57:14.062272,509,4.03297,0.25
2017-09-21T19:57:14.197632,510,4.14507,0.234375
2017-09-21T19:57:14.333995,511,4.42936,0.21875
2017-09-21T19:57:14.464342,512,4.87217,0.125
2017-09-21T19:57:14.596694,513,4.97021,0.15625
2017-09-21T19:57:14.729046,514,4.61821,0.25
2017-09-21T19:57:14.859894,515,4.18317,0.203125
2017-09-21T19:57:14.996257,516,4.00063,0.296875
2017-09-21T19:57:15.135628,517,4.52414,0.28125
2017-09-21T19:57:15.266977,518,3.80924,0.3125
2017-09-21T19:57:15.403841,519,4.12742,0.296875
2017-09-21T19:57:15.539703,520,4.08738,0.3125
2017-09-21T19:57:15.667543,521,3.85992,0.28125
2017-09-21T19:57:15.804908,522,4.33429,0.265625
2017-09-21T19:57:15.936759,523,3.94175,0.296875
2017-09-21T19:57:16.065602,524,4.57516,0.25
2017-09-21T19:57:16.202967,525,5.1302,0.15625
2017-09-21T19:57:16.338327,526,4.47711,0.265625
2017-09-21T19:57:16.467170,527,3.83761,0.28125
2017-09-21T19:57:16.600024,528,4.4698,0.21875
2017-09-21T19:57:16.732877,529,3.95198,0.234375
2017-09-21T19:57:16.862221,530,3.91517,0.28125
2017-09-21T19:57:16.997581,531,4.50812,0.15625
2017-09-21T19:57:17.132941,532,4.2448,0.28125
2017-09-21T19:57:17.267299,533,4.52222,0.234375
2017-09-21T19:57:17.400153,534,3.64548,0.28125
2017-09-21T19:57:17.534510,535,4.77136,0.1875
2017-09-21T19:57:17.671875,536,4.01041,0.265625
2017-09-21T19:57:17.806233,537,4.16454,0.234375
2017-09-21T19:57:17.939086,538,4.4859,0.203125
2017-09-21T19:57:18.074947,539,4.9588,0.140625
2017-09-21T19:57:18.211310,540,4.59667,0.203125
2017-09-21T19:57:18.346671,541,4.89317,0.15625
2017-09-21T19:57:18.483033,542,4.68269,0.21875
2017-09-21T19:57:18.619897,543,4.21655,0.234375
2017-09-21T19:57:18.750244,544,3.93976,0.296875
2017-09-21T19:57:18.886106,545,4.15319,0.25
2017-09-21T19:57:19.015450,546,4.74314,0.203125
2017-09-21T19:57:19.145295,547,4.75633,0.203125
2017-09-21T19:57:19.272634,548,3.74429,0.25
2017-09-21T19:57:19.401477,549,4.41274,0.234375
2017-09-21T19:57:19.533829,550,5.32787,0.234375
2017-09-21T19:57:19.664176,551,4.59442,0.140625
2017-09-21T19:57:19.798032,552,4.13746,0.203125
2017-09-21T19:57:19.933893,553,3.79744,0.171875
2017-09-21T19:57:20.067248,554,4.15304,0.25
2017-09-21T19:57:20.194085,555,3.90599,0.265625
2017-09-21T19:57:20.328443,556,4.44228,0.1875
2017-09-21T19:57:20.459291,557,4.59116,0.203125
2017-09-21T19:57:20.586129,558,4.26853,0.234375
2017-09-21T19:57:20.718982,559,3.52102,0.34375
2017-09-21T19:57:20.853339,560,4.06399,0.21875
2017-09-21T19:57:20.988700,561,5.05185,0.109375
2017-09-21T19:57:21.118044,562,4.00147,0.234375
2017-09-21T19:57:21.252902,563,4.35136,0.21875
2017-09-21T19:57:21.391270,564,4.86194,0.171875
2017-09-21T19:57:21.525127,565,4.37925,0.21875
2017-09-21T19:57:21.656476,566,4.06058,0.203125
2017-09-21T19:57:21.792337,567,4.41242,0.140625
2017-09-21T19:57:21.926194,568,4.58983,0.21875
2017-09-21T19:57:22.058546,569,3.83446,0.1875
2017-09-21T19:57:22.192903,570,4.04651,0.25
2017-09-21T19:57:22.318738,571,3.90581,0.25
2017-09-21T19:57:22.450087,572,3.64168,0.234375
2017-09-21T19:57:22.586952,573,4.53148,0.1875
2017-09-21T19:57:22.722312,574,3.82448,0.21875
2017-09-21T19:57:22.854664,575,5.43056,0.15625
2017-09-21T19:57:22.989523,576,4.54585,0.125
2017-09-21T19:57:23.119368,577,4.70746,0.21875
2017-09-21T19:57:23.254728,578,4.40804,0.234375
2017-09-21T19:57:23.382568,579,3.60345,0.34375
2017-09-21T19:57:23.511411,580,4.54263,0.1875
2017-09-21T19:57:23.646270,581,3.7525,0.359375
2017-09-21T19:57:23.776115,582,4.15659,0.234375
2017-09-21T19:57:23.907966,583,4.41527,0.234375
2017-09-21T19:57:24.035806,584,4.6509,0.15625
2017-09-21T19:57:24.168660,585,4.73592,0.171875
2017-09-21T19:57:24.299508,586,3.55124,0.34375
2017-09-21T19:57:24.427849,587,3.83015,0.25
2017-09-21T19:57:24.556692,588,4.13453,0.203125
2017-09-21T19:57:24.689546,589,4.64722,0.3125
2017-09-21T19:57:24.819391,590,4.22362,0.21875
2017-09-21T19:57:24.950239,591,3.77209,0.328125
2017-09-21T19:57:25.079082,592,3.92799,0.265625
2017-09-21T19:57:25.215445,593,4.55162,0.1875
2017-09-21T19:57:25.348298,594,4.30411,0.203125
2017-09-21T19:57:25.483157,595,3.8631,0.234375
2017-09-21T19:57:25.618517,596,4.19898,0.21875
2017-09-21T19:57:25.753877,597,3.67205,0.3125
2017-09-21T19:57:25.882218,598,4.21622,0.25
2017-09-21T19:57:26.018080,599,4.48067,0.203125
2017-09-21T19:57:26.152939,600,3.71747,0.265625
2017-09-21T19:57:27.560684,601,3.82202,0.265625
2017-09-21T19:57:27.689527,602,4.29399,0.234375
2017-09-21T19:57:27.820375,603,4.36772,0.203125
2017-09-21T19:57:27.951223,604,4.94182,0.25
2017-09-21T19:57:28.081570,605,3.69178,0.234375
2017-09-21T19:57:28.206403,606,4.01252,0.296875
2017-09-21T19:57:28.330733,607,4.32132,0.21875
2017-09-21T19:57:28.464088,608,4.301,0.21875
2017-09-21T19:57:28.593933,609,4.55499,0.140625
2017-09-21T19:57:28.726787,610,4.37938,0.1875
2017-09-21T19:57:28.853624,611,4.23483,0.203125
2017-09-21T19:57:28.993496,612,4.79736,0.171875
2017-09-21T19:57:29.126350,613,4.26111,0.265625
2017-09-21T19:57:29.264216,614,4.26718,0.234375
2017-09-21T19:57:29.395566,615,4.09359,0.3125
2017-09-21T19:57:29.527417,616,3.74914,0.328125
2017-09-21T19:57:29.658265,617,4.54849,0.1875
2017-09-21T19:57:29.793123,618,4.20841,0.171875
2017-09-21T19:57:29.920462,619,4.11881,0.25
2017-09-21T19:57:30.053817,620,4.12281,0.375
2017-09-21T19:57:30.184665,621,4.07277,0.203125
2017-09-21T19:57:30.320025,622,4.12213,0.21875
2017-09-21T19:57:30.452879,623,3.99919,0.25
2017-09-21T19:57:30.583727,624,4.0735,0.234375
2017-09-21T19:57:30.713071,625,4.06785,0.234375
2017-09-21T19:57:30.843418,626,4.24318,0.234375
2017-09-21T19:57:30.977775,627,4.25532,0.21875
2017-09-21T19:57:31.114138,628,3.86744,0.34375
2017-09-21T19:57:31.240474,629,4.23991,0.234375
2017-09-21T19:57:31.365807,630,4.60889,0.234375
2017-09-21T19:57:31.488634,631,3.93435,0.234375
2017-09-21T19:57:31.614970,632,4.30797,0.1875
2017-09-21T19:57:31.745317,633,4.3257,0.203125
2017-09-21T19:57:31.869648,634,3.53898,0.265625
2017-09-21T19:57:32.001499,635,4.13619,0.265625
2017-09-21T19:57:32.127835,636,4.08251,0.265625
2017-09-21T19:57:32.257680,637,4.09007,0.203125
2017-09-21T19:57:32.382011,638,3.92,0.3125
2017-09-21T19:57:32.508849,639,4.19399,0.265625
2017-09-21T19:57:32.635185,640,4.52202,0.171875
2017-09-21T19:57:32.763025,641,4.53139,0.203125
2017-09-21T19:57:32.893372,642,4.59434,0.203125
2017-09-21T19:57:33.019708,643,5.05569,0.28125
2017-09-21T19:57:33.147548,644,4.76674,0.1875
2017-09-21T19:57:33.279399,645,4.32424,0.203125
2017-09-21T19:57:33.406236,646,4.0098,0.28125
2017-09-21T19:57:33.535079,647,3.70453,0.265625
2017-09-21T19:57:33.664924,648,4.27823,0.25
2017-09-21T19:57:33.788754,649,3.86578,0.21875
2017-09-21T19:57:33.913586,650,4.02089,0.25
2017-09-21T19:57:34.037917,651,3.86387,0.3125
2017-09-21T19:57:34.170770,652,4.34392,0.25
2017-09-21T19:57:34.296104,653,4.41959,0.171875
2017-09-21T19:57:34.429960,654,3.93911,0.25
2017-09-21T19:57:34.561810,655,3.409,0.375
2017-09-21T19:57:34.688648,656,4.28243,0.25
2017-09-21T19:57:34.820499,657,3.65161,0.328125
2017-09-21T19:57:34.949341,658,3.94042,0.296875
2017-09-21T19:57:35.079187,659,4.1675,0.171875
2017-09-21T19:57:35.213544,660,3.84438,0.234375
2017-09-21T19:57:35.346899,661,4.32096,0.265625
2017-09-21T19:57:35.470728,662,3.75048,0.3125
2017-09-21T19:57:35.601075,663,4.03637,0.25
2017-09-21T19:57:35.735433,664,4.43089,0.21875
2017-09-21T19:57:35.863273,665,4.01562,0.21875
2017-09-21T19:57:35.990612,666,4.09311,0.21875
2017-09-21T19:57:36.121460,667,4.40973,0.21875
2017-09-21T19:57:36.253812,668,4.28482,0.25
2017-09-21T19:57:36.383657,669,4.10788,0.375
2017-09-21T19:57:36.516511,670,3.9251,0.296875
2017-09-21T19:57:36.648863,671,4.5788,0.234375
2017-09-21T19:57:36.782719,672,3.88664,0.28125
2017-09-21T19:57:36.910559,673,4.20677,0.21875
2017-09-21T19:57:37.040405,674,4.49209,0.1875
2017-09-21T19:57:37.174261,675,4.50373,0.296875
2017-09-21T19:57:37.305610,676,3.6315,0.265625
2017-09-21T19:57:37.438463,677,3.8816,0.296875
2017-09-21T19:57:37.569813,678,3.83721,0.28125
2017-09-21T19:57:37.701664,679,3.96672,0.21875
2017-09-21T19:57:37.828000,680,4.17394,0.328125
2017-09-21T19:57:37.954336,681,4.18167,0.234375
2017-09-21T19:57:38.079168,682,3.93244,0.21875
2017-09-21T19:57:38.204502,683,4.47409,0.296875
2017-09-21T19:57:38.337856,684,3.9199,0.203125
2017-09-21T19:57:38.463691,685,4.33864,0.3125
2017-09-21T19:57:38.588523,686,4.03354,0.328125
2017-09-21T19:57:38.715361,687,3.9525,0.25
2017-09-21T19:57:38.847211,688,3.92543,0.296875
2017-09-21T19:57:38.980566,689,4.41461,0.265625
2017-09-21T19:57:39.118935,690,3.59557,0.28125
2017-09-21T19:57:39.248780,691,4.08665,0.25
2017-09-21T19:57:39.383137,692,3.4972,0.28125
2017-09-21T19:57:39.521004,693,4.53061,0.203125
2017-09-21T19:57:39.656866,694,4.0229,0.3125
2017-09-21T19:57:39.792226,695,4.30207,0.234375
2017-09-21T19:57:39.917559,696,4.10071,0.28125
2017-09-21T19:57:40.044397,697,4.48142,0.1875
2017-09-21T19:57:40.173741,698,3.71244,0.234375
2017-09-21T19:57:40.305591,699,4.3599,0.21875
2017-09-21T19:57:40.435437,700,3.71773,0.265625
2017-09-21T19:57:41.907353,701,5.1716,0.140625
2017-09-21T19:57:42.048228,702,3.93631,0.234375
2017-09-21T19:57:42.185092,703,3.95137,0.28125
2017-09-21T19:57:42.317946,704,4.2543,0.25
2017-09-21T19:57:42.457817,705,4.93992,0.140625
2017-09-21T19:57:42.592676,706,4.03217,0.21875
2017-09-21T19:57:42.724528,707,3.95662,0.34375
2017-09-21T19:57:42.855375,708,4.23992,0.140625
2017-09-21T19:57:42.987727,709,4.29904,0.203125
2017-09-21T19:57:43.127599,710,3.51465,0.34375
2017-09-21T19:57:43.258447,711,4.10541,0.234375
2017-09-21T19:57:43.395813,712,4.16604,0.234375
2017-09-21T19:57:43.528666,713,4.77351,0.28125
2017-09-21T19:57:43.667035,714,4.76056,0.21875
2017-09-21T19:57:43.797883,715,4.4387,0.234375
2017-09-21T19:57:43.932240,716,4.26023,0.25
2017-09-21T19:57:44.061083,717,3.88141,0.25
2017-09-21T19:57:44.191430,718,4.22773,0.25
2017-09-21T19:57:44.320774,719,4.61785,0.1875
2017-09-21T19:57:44.450118,720,4.59901,0.234375
2017-09-21T19:57:44.583473,721,3.91933,0.28125
2017-09-21T19:57:44.716326,722,3.5802,0.328125
2017-09-21T19:57:44.847675,723,3.61833,0.3125
2017-09-21T19:57:44.983537,724,3.87881,0.3125
2017-09-21T19:57:45.114887,725,3.444,0.3125
2017-09-21T19:57:45.247239,726,4.1824,0.203125
2017-09-21T19:57:45.374577,727,3.84453,0.28125
2017-09-21T19:57:45.505426,728,4.00133,0.234375
2017-09-21T19:57:45.638780,729,3.76552,0.234375
2017-09-21T19:57:45.771132,730,4.12188,0.25
2017-09-21T19:57:45.901981,731,4.11175,0.234375
2017-09-21T19:57:46.028818,732,4.26747,0.1875
2017-09-21T19:57:46.155154,733,4.048,0.296875
2017-09-21T19:57:46.282493,734,3.81481,0.25
2017-09-21T19:57:46.412840,735,4.25168,0.1875
2017-09-21T19:57:46.542184,736,4.23863,0.171875
2017-09-21T19:57:46.669021,737,3.93177,0.296875
2017-09-21T19:57:46.793352,738,3.8758,0.234375
2017-09-21T19:57:46.925203,739,3.3985,0.375
2017-09-21T19:57:47.056552,740,4.181,0.28125
2017-09-21T19:57:47.187902,741,3.87549,0.28125
2017-09-21T19:57:47.318750,742,3.95568,0.265625
2017-09-21T19:57:47.450600,743,4.14025,0.25
2017-09-21T19:57:47.578441,744,4.30206,0.171875
2017-09-21T19:57:47.711796,745,4.27692,0.171875
2017-09-21T19:57:47.846153,746,4.0838,0.28125
2017-09-21T19:57:47.977001,747,3.92326,0.1875
2017-09-21T19:57:48.106847,748,3.391,0.390625
2017-09-21T19:57:48.232180,749,4.33821,0.234375
2017-09-21T19:57:48.356009,750,4.04692,0.265625
2017-09-21T19:57:48.490367,751,4.15329,0.265625
2017-09-21T19:57:48.623721,752,4.00431,0.359375
2017-09-21T19:57:48.748052,753,3.89924,0.234375
2017-09-21T19:57:48.873887,754,3.91949,0.328125
2017-09-21T19:57:49.006239,755,4.45894,0.296875
2017-09-21T19:57:49.136085,756,3.48059,0.328125
2017-09-21T19:57:49.263424,757,3.8487,0.3125
2017-09-21T19:57:49.389258,758,4.19016,0.34375
2017-09-21T19:57:49.519104,759,3.58249,0.265625
2017-09-21T19:57:49.644939,760,4.17456,0.265625
2017-09-21T19:57:49.775285,761,4.26316,0.296875
2017-09-21T19:57:49.904629,762,4.21067,0.203125
2017-09-21T19:57:50.031968,763,3.88916,0.328125
2017-09-21T19:57:50.164320,764,4.04937,0.234375
2017-09-21T19:57:50.295168,765,4.08791,0.234375
2017-09-21T19:57:50.429526,766,3.53165,0.25
2017-09-21T19:57:50.557366,767,4.48393,0.1875
2017-09-21T19:57:50.689217,768,3.69586,0.34375
2017-09-21T19:57:50.816054,769,3.61174,0.28125
2017-09-21T19:57:50.946401,770,4.30042,0.265625
2017-09-21T19:57:51.082263,771,4.27314,0.265625
2017-09-21T19:57:51.217121,772,3.98601,0.28125
2017-09-21T19:57:51.348972,773,3.85534,0.28125
2017-09-21T19:57:51.477313,774,4.17219,0.234375
2017-09-21T19:57:51.612674,775,3.51393,0.359375
2017-09-21T19:57:51.739009,776,4.2029,0.265625
2017-09-21T19:57:51.872866,777,4.36383,0.28125
2017-09-21T19:57:52.000205,778,4.465,0.234375
2017-09-21T19:57:52.131554,779,4.55279,0.25
2017-09-21T19:57:52.259394,780,3.61932,0.3125
2017-09-21T19:57:52.390242,781,3.92337,0.25
2017-09-21T19:57:52.524600,782,3.49285,0.265625
2017-09-21T19:57:52.654947,783,4.70085,0.140625
2017-09-21T19:57:52.787800,784,3.98932,0.28125
2017-09-21T19:57:52.918648,785,4.76734,0.21875
2017-09-21T19:57:53.045485,786,4.13089,0.3125
2017-09-21T19:57:53.172825,787,3.81552,0.265625
2017-09-21T19:57:53.300163,788,4.54135,0.1875
2017-09-21T19:57:53.434019,789,3.89777,0.3125
2017-09-21T19:57:53.563363,790,3.50897,0.34375
2017-09-21T19:57:53.690703,791,3.44288,0.4375
2017-09-21T19:57:53.822553,792,4.03624,0.1875
2017-09-21T19:57:53.950393,793,4.05201,0.296875
2017-09-21T19:57:54.080740,794,3.83193,0.328125
2017-09-21T19:57:54.213593,795,3.68744,0.359375
2017-09-21T19:57:54.350959,796,3.55861,0.328125
2017-09-21T19:57:54.484815,797,3.45747,0.375
2017-09-21T19:57:54.618671,798,3.76072,0.25
2017-09-21T19:57:54.752026,799,3.63253,0.3125
2017-09-21T19:57:54.882372,800,4.10932,0.3125
2017-09-21T19:57:56.309670,801,3.89094,0.28125
2017-09-21T19:57:56.438011,802,3.616,0.3125
2017-09-21T19:57:56.568358,803,5.05022,0.1875
2017-09-21T19:57:56.699206,804,4.53755,0.21875
2017-09-21T19:57:56.829052,805,4.09565,0.234375
2017-09-21T19:57:56.960903,806,3.574,0.390625
2017-09-21T19:57:57.090748,807,4.66805,0.203125
2017-09-21T19:57:57.215580,808,3.51532,0.328125
2017-09-21T19:57:57.341916,809,3.88283,0.1875
2017-09-21T19:57:57.473767,810,4.12799,0.3125
2017-09-21T19:57:57.662268,811,4.41379,0.265625
2017-09-21T19:57:57.796124,812,3.40204,0.296875
2017-09-21T19:57:57.925469,813,4.56498,0.265625
2017-09-21T19:57:58.050802,814,4.68651,0.171875
2017-09-21T19:57:58.175133,815,3.99635,0.25
2017-09-21T19:57:58.303474,816,3.64714,0.328125
2017-09-21T19:57:58.443346,817,3.8073,0.265625
2017-09-21T19:57:58.573192,818,3.80541,0.25
2017-09-21T19:57:58.701032,819,4.08565,0.171875
2017-09-21T19:57:58.833384,820,3.50416,0.375
2017-09-21T19:57:58.960723,821,4.00525,0.203125
2017-09-21T19:57:59.093576,822,3.86861,0.25
2017-09-21T19:57:59.223422,823,3.59538,0.375
2017-09-21T19:57:59.356777,824,3.49579,0.25
2017-09-21T19:57:59.487123,825,4.11805,0.28125
2017-09-21T19:57:59.611955,826,4.79566,0.203125
2017-09-21T19:57:59.740798,827,3.62307,0.34375
2017-09-21T19:57:59.869140,828,3.99124,0.328125
2017-09-21T19:58:00.004500,829,3.4308,0.359375
2017-09-21T19:58:00.132842,830,3.9626,0.328125
2017-09-21T19:58:00.258175,831,3.53093,0.3125
2017-09-21T19:58:00.382505,832,3.9784,0.21875
2017-09-21T19:58:00.514356,833,3.81828,0.296875
2017-09-21T19:58:00.639188,834,3.8042,0.265625
2017-09-21T19:58:00.771039,835,3.56316,0.296875
2017-09-21T19:58:00.903391,836,3.31449,0.34375
2017-09-21T19:58:01.029226,837,3.83601,0.328125
2017-09-21T19:58:01.155061,838,3.98646,0.3125
2017-09-21T19:58:01.286912,839,3.97608,0.203125
2017-09-21T19:58:01.413749,840,4.00629,0.328125
2017-09-21T19:58:01.545099,841,3.51011,0.296875
2017-09-21T19:58:01.673941,842,3.90345,0.25
2017-09-21T19:58:01.799776,843,4.11095,0.234375
2017-09-21T19:58:01.926112,844,3.67008,0.303571
2017-09-21T19:58:02.059467,845,4.15886,0.296875
2017-09-21T19:58:02.191318,846,3.69618,0.3125
2017-09-21T19:58:02.320161,847,2.76699,0.421875
2017-09-21T19:58:02.444993,848,4.43258,0.21875
2017-09-21T19:58:02.575841,849,3.29943,0.390625
2017-09-21T19:58:02.704683,850,3.50022,0.359375
2017-09-21T19:58:02.837537,851,3.38261,0.265625
2017-09-21T19:58:02.975404,852,3.46746,0.34375
2017-09-21T19:58:03.101239,853,3.70557,0.296875
2017-09-21T19:58:03.235596,854,3.58089,0.3125
2017-09-21T19:58:03.369953,855,3.43953,0.328125
2017-09-21T19:58:03.502306,856,2.95567,0.375
2017-09-21T19:58:03.627138,857,3.60222,0.28125
2017-09-21T19:58:03.758988,858,3.67474,0.359375
2017-09-21T19:58:03.898359,859,3.23693,0.359375
2017-09-21T19:58:04.037730,860,3.88158,0.328125
2017-09-21T19:58:04.168578,861,3.84752,0.234375
2017-09-21T19:58:04.303939,862,3.3534,0.296875
2017-09-21T19:58:04.433784,863,3.67713,0.25
2017-09-21T19:58:04.565634,864,3.11829,0.375
2017-09-21T19:58:04.697987,865,3.48814,0.3125
2017-09-21T19:58:04.823320,866,3.09303,0.40625
2017-09-21T19:58:04.949155,867,3.28119,0.3125
2017-09-21T19:58:05.079502,868,3.46583,0.40625
2017-09-21T19:58:05.213358,869,3.39132,0.296875
2017-09-21T19:58:05.340697,870,3.26814,0.390625
2017-09-21T19:58:05.480569,871,3.70742,0.328125
2017-09-21T19:58:05.618435,872,3.86739,0.25
2017-09-21T19:58:05.748782,873,3.34705,0.390625
2017-09-21T19:58:05.880132,874,3.22985,0.359375
2017-09-21T19:58:06.010479,875,3.34054,0.375
2017-09-21T19:58:06.142329,876,3.9227,0.359375
2017-09-21T19:58:06.280697,877,3.59686,0.390625
2017-09-21T19:58:06.420570,878,3.7648,0.296875
2017-09-21T19:58:06.546404,879,3.42907,0.390625
2017-09-21T19:58:06.673242,880,3.82587,0.265625
2017-09-21T19:58:06.799077,881,3.30911,0.359375
2017-09-21T19:58:06.932431,882,3.45744,0.296875
2017-09-21T19:58:07.063279,883,3.01962,0.328125
2017-09-21T19:58:07.192624,884,3.71166,0.3125
2017-09-21T19:58:07.320464,885,3.97483,0.21875
2017-09-21T19:58:07.445797,886,3.92684,0.265625
2017-09-21T19:58:07.578651,887,3.37626,0.328125
2017-09-21T19:58:07.709499,888,3.43239,0.375
2017-09-21T19:58:07.843856,889,3.70285,0.265625
2017-09-21T19:58:07.983227,890,3.51561,0.359375
2017-09-21T19:58:08.112070,891,3.4906,0.296875
2017-09-21T19:58:08.239408,892,4.41506,0.25
2017-09-21T19:58:08.369755,893,3.36558,0.34375
2017-09-21T19:58:08.503611,894,3.80259,0.28125
2017-09-21T19:58:08.628444,895,3.46541,0.359375
2017-09-21T19:58:08.760796,896,3.48482,0.3125
2017-09-21T19:58:08.887132,897,3.88539,0.265625
2017-09-21T19:58:09.016476,898,3.70235,0.328125
2017-09-21T19:58:09.148327,899,3.40433,0.328125
2017-09-21T19:58:09.281180,900,3.82568,0.265625
2017-09-21T19:58:10.796712,901,3.45272,0.296875
2017-09-21T19:58:10.924051,902,3.32675,0.328125
2017-09-21T19:58:11.056904,903,3.89393,0.25
2017-09-21T19:58:11.182739,904,3.29244,0.375
2017-09-21T19:58:11.306569,905,3.56551,0.375
2017-09-21T19:58:11.440926,906,3.70561,0.28125
2017-09-21T19:58:11.576286,907,3.57031,0.3125
2017-09-21T19:58:11.708638,908,3.16118,0.359375
2017-09-21T19:58:11.834474,909,3.28058,0.375
2017-09-21T19:58:11.969332,910,3.88145,0.25
2017-09-21T19:58:12.098676,911,3.27882,0.34375
2017-09-21T19:58:12.229524,912,3.66464,0.34375
2017-09-21T19:58:12.356863,913,3.1817,0.296875
2017-09-21T19:58:12.485204,914,2.99346,0.40625
2017-09-21T19:58:12.617055,915,3.50258,0.296875
2017-09-21T19:58:12.745898,916,3.56604,0.28125
2017-09-21T19:58:12.880255,917,3.61955,0.3125
2017-09-21T19:58:13.010602,918,3.29847,0.328125
2017-09-21T19:58:13.137941,919,3.03718,0.359375
2017-09-21T19:58:13.267285,920,3.64765,0.296875
2017-09-21T19:58:13.393621,921,3.47304,0.296875
2017-09-21T19:58:13.521962,922,3.4601,0.375
2017-09-21T19:58:13.646794,923,3.56457,0.328125
2017-09-21T19:58:13.780651,924,3.49192,0.28125
2017-09-21T19:58:13.907990,925,3.23402,0.375
2017-09-21T19:58:14.037835,926,3.79875,0.359375
2017-09-21T19:58:14.165675,927,3.69976,0.375
2017-09-21T19:58:14.293014,928,3.51802,0.359375
2017-09-21T19:58:14.423863,929,3.79552,0.234375
2017-09-21T19:58:14.571254,930,3.82389,0.234375
2017-09-21T19:58:14.705110,931,3.61115,0.328125
2017-09-21T19:58:14.833953,932,3.68156,0.328125
2017-09-21T19:58:14.959788,933,3.33129,0.328125
2017-09-21T19:58:15.091137,934,4.16026,0.28125
2017-09-21T19:58:15.215468,935,3.22178,0.390625
2017-09-21T19:58:15.342305,936,3.96732,0.296875
2017-09-21T19:58:15.474658,937,3.30157,0.265625
2017-09-21T19:58:15.600492,938,2.96445,0.40625
2017-09-21T19:58:15.727330,939,3.48537,0.3125
2017-09-21T19:58:15.858178,940,3.59717,0.34375
2017-09-21T19:58:15.985517,941,3.55821,0.328125
2017-09-21T19:58:16.115864,942,3.6164,0.265625
2017-09-21T19:58:16.248717,943,4.25813,0.203125
2017-09-21T19:58:16.379064,944,3.05403,0.40625
2017-09-21T19:58:16.511917,945,3.64147,0.28125
2017-09-21T19:58:16.641763,946,3.58843,0.3125
2017-09-21T19:58:16.767096,947,3.19959,0.296875
2017-09-21T19:58:16.897944,948,3.52451,0.328125
2017-09-21T19:58:17.023278,949,3.28972,0.296875
2017-09-21T19:58:17.156131,950,3.58923,0.328125
2017-09-21T19:58:17.284473,951,3.77809,0.296875
2017-09-21T19:58:17.411811,952,3.4232,0.328125
2017-09-21T19:58:17.538147,953,3.90554,0.25
2017-09-21T19:58:17.665988,954,3.91794,0.265625
2017-09-21T19:58:17.793326,955,3.75806,0.328125
2017-09-21T19:58:17.927182,956,3.59873,0.3125
2017-09-21T19:58:18.052516,957,3.69807,0.3125
2017-09-21T19:58:18.182361,958,3.41977,0.3125
2017-09-21T19:58:18.316719,959,3.56215,0.296875
2017-09-21T19:58:18.448068,960,3.80265,0.28125
2017-09-21T19:58:18.579919,961,3.04658,0.34375
2017-09-21T19:58:18.709263,962,3.59408,0.328125
2017-09-21T19:58:18.841615,963,3.5375,0.296875
2017-09-21T19:58:18.975973,964,3.47056,0.328125
2017-09-21T19:58:19.107824,965,3.52802,0.34375
2017-09-21T19:58:19.234160,966,3.91768,0.25
2017-09-21T19:58:19.362000,967,3.84065,0.359375
2017-09-21T19:58:19.496357,968,3.65612,0.296875
2017-09-21T19:58:19.630213,969,3.3809,0.359375
2017-09-21T19:58:19.754544,970,3.48628,0.328125
2017-09-21T19:58:19.881382,971,3.45443,0.3125
2017-09-21T19:58:20.005712,972,3.31916,0.390625
2017-09-21T19:58:20.135056,973,3.77319,0.265625
2017-09-21T19:58:20.262897,974,3.70488,0.328125
2017-09-21T19:58:20.392241,975,3.42603,0.34375
2017-09-21T19:58:20.521585,976,3.84503,0.3125
2017-09-21T19:58:20.653436,977,3.64591,0.34375
2017-09-21T19:58:20.788295,978,3.2418,0.40625
2017-09-21T19:58:20.918140,979,3.13658,0.390625
2017-09-21T19:58:21.043473,980,3.25075,0.359375
2017-09-21T19:58:21.170311,981,4.12116,0.234375
2017-09-21T19:58:21.302663,982,3.09025,0.421875
2017-09-21T19:58:21.432508,983,3.47796,0.3125
2017-09-21T19:58:21.562354,984,3.43615,0.28125
2017-09-21T19:58:21.688189,985,3.03495,0.421875
2017-09-21T19:58:21.818034,986,3.94545,0.265625
2017-09-21T19:58:21.944871,987,3.61736,0.328125
2017-09-21T19:58:22.071709,988,3.43495,0.3125
2017-09-21T19:58:22.198546,989,3.88803,0.296875
2017-09-21T19:58:22.329896,990,3.57759,0.34375
2017-09-21T19:58:22.455229,991,3.546,0.296875
2017-09-21T19:58:22.586579,992,3.5653,0.328125
2017-09-21T19:58:22.712413,993,3.62114,0.375
2017-09-21T19:58:22.838248,994,3.07207,0.390625
2017-09-21T19:58:22.964584,995,3.08845,0.421875
2017-09-21T19:58:23.096435,996,3.67924,0.40625
2017-09-21T19:58:23.228286,997,4.09232,0.3125
2017-09-21T19:58:23.354121,998,3.70255,0.296875
2017-09-21T19:58:23.485470,999,3.43617,0.34375
2017-09-21T19:58:23.610302,1000,3.19518,0.296875
2017-09-21T19:58:24.954879,1001,4.30453,0.234375
2017-09-21T19:58:25.082218,1002,3.86406,0.265625
2017-09-21T19:58:25.217077,1003,3.75904,0.359375
2017-09-21T19:58:25.348928,1004,3.34843,0.3125
2017-09-21T19:58:25.482282,1005,3.63375,0.328125
2017-09-21T19:58:25.607115,1006,3.50923,0.3125
2017-09-21T19:58:25.737963,1007,3.29333,0.359375
2017-09-21T19:58:25.867307,1008,3.30783,0.3125
2017-09-21T19:58:25.992139,1009,3.70734,0.25
2017-09-21T19:58:26.123990,1010,3.31289,0.28125
2017-09-21T19:58:26.259350,1011,3.58158,0.34375
2017-09-21T19:58:26.386689,1012,3.57538,0.359375
2017-09-21T19:58:26.521046,1013,3.58798,0.296875
2017-09-21T19:58:26.649889,1014,3.64573,0.265625
2017-09-21T19:58:26.777228,1015,3.64573,0.28125
2017-09-21T19:58:26.909580,1016,3.76218,0.328125
2017-09-21T19:58:27.042433,1017,3.36512,0.375
2017-09-21T19:58:27.175788,1018,3.91853,0.296875
2017-09-21T19:58:27.303127,1019,3.64548,0.34375
2017-09-21T19:58:27.426956,1020,3.88534,0.28125
2017-09-21T19:58:27.554796,1021,3.23087,0.359375
2017-09-21T19:58:27.686647,1022,3.12837,0.4375
2017-09-21T19:58:27.812482,1023,3.43043,0.3125
2017-09-21T19:58:27.943330,1024,3.35065,0.40625
2017-09-21T19:58:28.077688,1025,4.03806,0.203125
2017-09-21T19:58:28.208536,1026,3.07154,0.4375
2017-09-21T19:58:28.342893,1027,3.95957,0.28125
2017-09-21T19:58:28.475245,1028,3.00546,0.359375
2017-09-21T19:58:28.604589,1029,3.38325,0.328125
2017-09-21T19:58:28.735437,1030,3.11174,0.421875
2017-09-21T19:58:28.864280,1031,3.54317,0.390625
2017-09-21T19:58:28.992124,1032,3.67658,0.34375
2017-09-21T19:58:29.117959,1033,3.2981,0.328125
2017-09-21T19:58:29.248807,1034,3.27202,0.359375
2017-09-21T19:58:29.378652,1035,3.48969,0.375
2017-09-21T19:58:29.508999,1036,3.67865,0.234375
2017-09-21T19:58:29.642354,1037,3.39312,0.328125
2017-09-21T19:58:29.767687,1038,3.91741,0.234375
2017-09-21T19:58:29.895026,1039,4.03749,0.28125
2017-09-21T19:58:30.025874,1040,3.84095,0.25
2017-09-21T19:58:30.151208,1041,3.1635,0.390625
2017-09-21T19:58:30.286568,1042,3.83569,0.28125
2017-09-21T19:58:30.415912,1043,3.55929,0.3125
2017-09-21T19:58:30.547261,1044,3.81461,0.28125
2017-09-21T19:58:30.672595,1045,3.49748,0.359375
2017-09-21T19:58:30.807955,1046,3.36146,0.3125
2017-09-21T19:58:30.940307,1047,3.68386,0.3125
2017-09-21T19:58:31.065139,1048,4.01879,0.25
2017-09-21T19:58:31.195987,1049,2.88815,0.453125
2017-09-21T19:58:31.323828,1050,3.85591,0.296875
2017-09-21T19:58:31.449662,1051,3.71292,0.28125
2017-09-21T19:58:31.574494,1052,3.90098,0.265625
2017-09-21T19:58:31.699326,1053,3.33261,0.328125
2017-09-21T19:58:31.827668,1054,3.89309,0.296875
2017-09-21T19:58:31.953503,1055,3.78425,0.296875
2017-09-21T19:58:32.085354,1056,3.65637,0.28125
2017-09-21T19:58:32.217706,1057,3.52701,0.359375
2017-09-21T19:58:32.352063,1058,3.43524,0.3125
2017-09-21T19:58:32.476394,1059,3.07612,0.421875
2017-09-21T19:58:32.603231,1060,3.54211,0.265625
2017-09-21T19:58:32.728565,1061,4.32103,0.1875
2017-09-21T19:58:32.857408,1062,3.37873,0.40625
2017-09-21T19:58:32.990762,1063,3.35041,0.359375
2017-09-21T19:58:33.125120,1064,3.83044,0.265625
2017-09-21T19:58:33.249451,1065,3.81329,0.28125
2017-09-21T19:58:33.374283,1066,3.19216,0.3125
2017-09-21T19:58:33.510645,1067,3.22033,0.359375
2017-09-21T19:58:33.642998,1068,3.08155,0.328125
2017-09-21T19:58:33.773846,1069,3.09836,0.421875
2017-09-21T19:58:33.905697,1070,3.55424,0.328125
2017-09-21T19:58:34.039051,1071,3.05012,0.359375
2017-09-21T19:58:34.170902,1072,3.36998,0.34375
2017-09-21T19:58:34.300246,1073,3.0496,0.296875
2017-09-21T19:58:34.427084,1074,3.61625,0.28125
2017-09-21T19:58:34.557430,1075,3.18831,0.3125
2017-09-21T19:58:34.684268,1076,3.81158,0.265625
2017-09-21T19:58:34.810103,1077,3.59808,0.328125
2017-09-21T19:58:34.934935,1078,3.67811,0.328125
2017-09-21T19:58:35.062274,1079,3.24545,0.265625
2017-09-21T19:58:35.196130,1080,3.4142,0.328125
2017-09-21T19:58:35.329985,1081,3.81825,0.25
2017-09-21T19:58:35.458828,1082,3.24898,0.375
2017-09-21T19:58:35.585165,1083,3.95143,0.28125
2017-09-21T19:58:35.715511,1084,3.00286,0.34375
2017-09-21T19:58:35.846861,1085,2.90694,0.390625
2017-09-21T19:58:35.978211,1086,3.61621,0.28125
2017-09-21T19:58:36.101538,1087,3.45744,0.390625
2017-09-21T19:58:36.234392,1088,3.23823,0.359375
2017-09-21T19:58:36.366744,1089,2.83159,0.359375
2017-09-21T19:58:36.492077,1090,3.35717,0.34375
2017-09-21T19:58:36.617411,1091,3.2831,0.359375
2017-09-21T19:58:36.748259,1092,3.52927,0.296875
2017-09-21T19:58:36.878104,1093,3.59559,0.359375
2017-09-21T19:58:37.006446,1094,3.55126,0.359375
2017-09-21T19:58:37.139299,1095,3.78951,0.234375
2017-09-21T19:58:37.270649,1096,2.66599,0.46875
2017-09-21T19:58:37.399993,1097,3.24877,0.359375
2017-09-21T19:58:37.524825,1098,3.09317,0.34375
2017-09-21T19:58:37.650660,1099,3.27222,0.421875
2017-09-21T19:58:37.783012,1100,3.19899,0.3125
2017-09-21T19:58:39.197776,1101,3.5356,0.34375
2017-09-21T19:58:39.323109,1102,3.0729,0.40625
2017-09-21T19:58:39.450949,1103,3.79508,0.265625
2017-09-21T19:58:39.589318,1104,3.54388,0.203125
2017-09-21T19:58:39.719163,1105,3.15795,0.34375
2017-09-21T19:58:39.850011,1106,3.1752,0.390625
2017-09-21T19:58:39.985371,1107,4.10556,0.1875
2017-09-21T19:58:40.120731,1108,3.4629,0.25
2017-09-21T19:58:40.257094,1109,3.09556,0.421875
2017-09-21T19:58:40.384934,1110,3.62936,0.34375
2017-09-21T19:58:40.523303,1111,2.97196,0.46875
2017-09-21T19:58:40.659665,1112,4.01865,0.25
2017-09-21T19:58:40.786001,1113,3.12177,0.359375
2017-09-21T19:58:40.917852,1114,3.75097,0.359375
2017-09-21T19:58:41.047697,1115,3.99956,0.296875
2017-09-21T19:58:41.180050,1116,3.89474,0.25
2017-09-21T19:58:41.315911,1117,4.78246,0.234375
2017-09-21T19:58:41.452775,1118,3.29394,0.328125
2017-09-21T19:58:41.586130,1119,3.72932,0.296875
2017-09-21T19:58:41.724498,1120,3.96334,0.28125
2017-09-21T19:58:41.865874,1121,4.37021,0.15625
2017-09-21T19:58:41.996722,1122,3.57219,0.3125
2017-09-21T19:58:42.130578,1123,3.45699,0.296875
2017-09-21T19:58:42.256915,1124,3.50829,0.25
2017-09-21T19:58:42.390771,1125,3.66618,0.203125
2017-09-21T19:58:42.517608,1126,3.435,0.3125
2017-09-21T19:58:42.653971,1127,3.09316,0.390625
2017-09-21T19:58:42.787827,1128,3.61982,0.3125
2017-09-21T19:58:42.916670,1129,3.3809,0.375
2017-09-21T19:58:43.044009,1130,3.31035,0.359375
2017-09-21T19:58:43.177363,1131,3.52144,0.34375
2017-09-21T19:58:43.311721,1132,3.24396,0.328125
2017-09-21T19:58:43.445076,1133,3.24667,0.328125
2017-09-21T19:58:43.576926,1134,3.73459,0.28125
2017-09-21T19:58:43.710783,1135,3.43885,0.328125
2017-09-21T19:58:43.838623,1136,3.27951,0.390625
2017-09-21T19:58:43.966964,1137,3.41679,0.375
2017-09-21T19:58:44.099818,1138,3.01358,0.375
2017-09-21T19:58:44.236180,1139,3.6971,0.34375
2017-09-21T19:58:44.366026,1140,3.65317,0.40625
2017-09-21T19:58:44.495370,1141,3.58922,0.25
2017-09-21T19:58:44.633237,1142,3.88388,0.34375
2017-09-21T19:58:44.769599,1143,3.38449,0.4375
2017-09-21T19:58:44.903455,1144,3.27838,0.359375
2017-09-21T19:58:45.039317,1145,3.40989,0.296875
2017-09-21T19:58:45.169162,1146,3.26523,0.375
2017-09-21T19:58:45.302016,1147,3.26878,0.359375
2017-09-21T19:58:45.430358,1148,3.77535,0.234375
2017-09-21T19:58:45.564214,1149,3.36627,0.40625
2017-09-21T19:58:45.699072,1150,3.41432,0.3125
2017-09-21T19:58:45.831424,1151,3.66042,0.28125
2017-09-21T19:58:45.961771,1152,3.35181,0.3125
2017-09-21T19:58:46.094123,1153,3.44313,0.265625
2017-09-21T19:58:46.225977,1154,3.3812,0.421875
2017-09-21T19:58:46.360334,1155,3.165,0.375
2017-09-21T19:58:46.493689,1156,2.97594,0.421875
2017-09-21T19:58:46.626543,1157,3.31611,0.390625
2017-09-21T19:58:46.758393,1158,3.07664,0.40625
2017-09-21T19:58:46.889743,1159,3.97899,0.328125
2017-09-21T19:58:47.017081,1160,3.74718,0.25
2017-09-21T19:58:47.151941,1161,3.2495,0.375
2017-09-21T19:58:47.283791,1162,3.71765,0.296875
2017-09-21T19:58:47.417647,1163,3.31605,0.34375
2017-09-21T19:58:47.548495,1164,3.21544,0.296875
2017-09-21T19:58:47.678842,1165,3.09335,0.375
2017-09-21T19:58:47.812197,1166,3.26132,0.390625
2017-09-21T19:58:47.940037,1167,3.64633,0.3125
2017-09-21T19:58:48.073392,1168,3.58816,0.328125
2017-09-21T19:58:48.210757,1169,3.6235,0.25
2017-09-21T19:58:48.346619,1170,3.88491,0.234375
2017-09-21T19:58:48.479973,1171,3.49305,0.328125
2017-09-21T19:58:48.610822,1172,3.37547,0.328125
2017-09-21T19:58:48.742171,1173,3.65073,0.296875
2017-09-21T19:58:48.878032,1174,3.77764,0.21875
2017-09-21T19:58:49.011387,1175,3.54238,0.28125
2017-09-21T19:58:49.148251,1176,3.58246,0.28125
2017-09-21T19:58:49.282107,1177,3.03928,0.375
2017-09-21T19:58:49.423484,1178,3.37836,0.375
2017-09-21T19:58:49.560348,1179,4.20463,0.28125
2017-09-21T19:58:49.688689,1180,2.88439,0.390625
2017-09-21T19:58:49.816028,1181,3.59169,0.296875
2017-09-21T19:58:49.949884,1182,3.16644,0.453125
2017-09-21T19:58:50.082737,1183,3.31894,0.328125
2017-09-21T19:58:50.214087,1184,3.03891,0.328125
2017-09-21T19:58:50.346940,1185,3.6338,0.359375
2017-09-21T19:58:50.483804,1186,3.40838,0.359375
2017-09-21T19:58:50.618162,1187,3.89927,0.203125
2017-09-21T19:58:50.745501,1188,2.66582,0.40625
2017-09-21T19:58:50.877352,1189,2.77056,0.375
2017-09-21T19:58:51.006195,1190,3.55598,0.265625
2017-09-21T19:58:51.140050,1191,3.44554,0.359375
2017-09-21T19:58:51.266888,1192,3.44288,0.28125
2017-09-21T19:58:51.401245,1193,3.71718,0.296875
2017-09-21T19:58:51.527080,1194,2.91365,0.453125
2017-09-21T19:58:51.661437,1195,3.7243,0.296875
2017-09-21T19:58:51.791784,1196,3.58648,0.3125
2017-09-21T19:58:51.918622,1197,2.76291,0.484375
2017-09-21T19:58:52.053982,1198,3.18539,0.375
2017-09-21T19:58:52.188840,1199,3.34335,0.296875
2017-09-21T19:58:52.321694,1200,3.59497,0.28125
2017-09-21T19:58:53.746986,1201,3.55978,0.390625
2017-09-21T19:58:53.876832,1202,3.8709,0.203125
2017-09-21T19:58:54.015701,1203,3.55862,0.34375
2017-09-21T19:58:54.148554,1204,3.20124,0.34375
2017-09-21T19:58:54.277899,1205,2.83088,0.4375
2017-09-21T19:58:54.402229,1206,3.42305,0.34375
2017-09-21T19:58:54.535584,1207,3.68922,0.328125
2017-09-21T19:58:54.666432,1208,3.28326,0.40625
2017-09-21T19:58:54.795776,1209,3.64771,0.34375
2017-09-21T19:58:54.926625,1210,3.50359,0.3125
2017-09-21T19:58:55.050955,1211,3.10253,0.390625
2017-09-21T19:58:55.178294,1212,2.89958,0.375
2017-09-21T19:58:55.315158,1213,3.93653,0.25
2017-09-21T19:58:55.444502,1214,3.36974,0.359375
2017-09-21T19:58:55.578358,1215,3.47398,0.4375
2017-09-21T19:58:55.709206,1216,3.95106,0.296875
2017-09-21T19:58:55.835543,1217,3.37897,0.359375
2017-09-21T19:58:55.962881,1218,3.59445,0.28125
2017-09-21T19:58:56.089218,1219,3.25688,0.3125
2017-09-21T19:58:56.213548,1220,4.06162,0.265625
2017-09-21T19:58:56.349410,1221,3.82771,0.234375
2017-09-21T19:58:56.481260,1222,3.79794,0.234375
2017-09-21T19:58:56.606594,1223,3.26984,0.328125
2017-09-21T19:58:56.740450,1224,3.63108,0.234375
2017-09-21T19:58:56.870797,1225,4.11486,0.265625
2017-09-21T19:58:56.996130,1226,3.34136,0.34375
2017-09-21T19:58:57.122467,1227,3.63849,0.203125
2017-09-21T19:58:57.254818,1228,3.22205,0.359375
2017-09-21T19:58:57.378648,1229,4.12295,0.28125
2017-09-21T19:58:57.511000,1230,2.87647,0.4375
2017-09-21T19:58:57.640845,1231,3.51997,0.265625
2017-09-21T19:58:57.774200,1232,3.62907,0.375
2017-09-21T19:58:57.905550,1233,3.31288,0.328125
2017-09-21T19:58:58.039907,1234,3.17259,0.34375
2017-09-21T19:58:58.170755,1235,3.91024,0.359375
2017-09-21T19:58:58.295587,1236,3.67193,0.40625
2017-09-21T19:58:58.419417,1237,3.60075,0.375
2017-09-21T19:58:58.547758,1238,3.40269,0.34375
2017-09-21T19:58:58.676100,1239,3.32017,0.34375
2017-09-21T19:58:58.804441,1240,3.74638,0.34375
2017-09-21T19:58:58.930276,1241,3.63835,0.296875
2017-09-21T19:58:59.061124,1242,3.25722,0.390625
2017-09-21T19:58:59.189466,1243,3.98151,0.25
2017-09-21T19:58:59.321818,1244,3.47958,0.28125
2017-09-21T19:58:59.453668,1245,4.13776,0.21875
2017-09-21T19:58:59.584516,1246,3.9122,0.328125
2017-09-21T19:58:59.714362,1247,3.3756,0.34375
2017-09-21T19:58:59.840698,1248,3.63519,0.25
2017-09-21T19:58:59.967034,1249,3.55342,0.296875
2017-09-21T19:59:00.091866,1250,2.81121,0.375
2017-09-21T19:59:00.224219,1251,2.73293,0.421875
2017-09-21T19:59:00.352560,1252,3.43693,0.40625
2017-09-21T19:59:00.478395,1253,3.62232,0.265625
2017-09-21T19:59:00.605734,1254,4.05137,0.296875
2017-09-21T19:59:00.739088,1255,3.11909,0.375
2017-09-21T19:59:00.871942,1256,3.53855,0.296875
2017-09-21T19:59:00.996273,1257,3.87173,0.34375
2017-09-21T19:59:01.122108,1258,2.70234,0.484375
2017-09-21T19:59:01.252454,1259,2.97857,0.3125
2017-09-21T19:59:01.383804,1260,2.4798,0.53125
2017-09-21T19:59:01.511142,1261,3.24719,0.25
2017-09-21T19:59:01.638983,1262,2.95038,0.40625
2017-09-21T19:59:01.770332,1263,2.8826,0.375
2017-09-21T19:59:01.903185,1264,3.23359,0.375
2017-09-21T19:59:02.029521,1265,3.72322,0.3125
2017-09-21T19:59:02.157863,1266,3.51331,0.321429
2017-09-21T19:59:02.294226,1267,2.74467,0.375
2017-09-21T19:59:02.425575,1268,2.4909,0.4375
2017-09-21T19:59:02.551911,1269,2.89666,0.3125
2017-09-21T19:59:02.684765,1270,3.18428,0.375
2017-09-21T19:59:02.823133,1271,2.97181,0.375
2017-09-21T19:59:02.957490,1272,2.58313,0.484375
2017-09-21T19:59:03.083826,1273,3.45543,0.25
2017-09-21T19:59:03.209661,1274,3.24444,0.359375
2017-09-21T19:59:03.340509,1275,2.76677,0.5
2017-09-21T19:59:03.466344,1276,3.015,0.421875
2017-09-21T19:59:03.590675,1277,2.75696,0.515625
2017-09-21T19:59:03.722526,1278,2.94521,0.328125
2017-09-21T19:59:03.853875,1279,3.05942,0.34375
2017-09-21T19:59:03.984723,1280,3.26581,0.34375
2017-09-21T19:59:04.115070,1281,3.49256,0.328125
2017-09-21T19:59:04.241907,1282,3.59378,0.28125
2017-09-21T19:59:04.372254,1283,3.01631,0.421875
2017-09-21T19:59:04.497086,1284,2.71609,0.40625
2017-09-21T19:59:04.629940,1285,3.10324,0.375
2017-09-21T19:59:04.762292,1286,3.42,0.3125
2017-09-21T19:59:04.889129,1287,2.81768,0.46875
2017-09-21T19:59:05.020479,1288,3.31144,0.328125
2017-09-21T19:59:05.150825,1289,3.17126,0.375
2017-09-21T19:59:05.279167,1290,3.0562,0.296875
2017-09-21T19:59:05.408511,1291,3.04826,0.375
2017-09-21T19:59:05.534346,1292,3.59042,0.296875
2017-09-21T19:59:05.660682,1293,3.05033,0.328125
2017-09-21T19:59:05.793034,1294,3.08765,0.421875
2017-09-21T19:59:05.924384,1295,2.80135,0.4375
2017-09-21T19:59:06.057237,1296,2.83493,0.484375
2017-09-21T19:59:06.189589,1297,2.93518,0.359375
2017-09-21T19:59:06.317930,1298,3.22412,0.328125
2017-09-21T19:59:06.449781,1299,3.16136,0.40625
2017-09-21T19:59:06.576117,1300,3.28573,0.328125
2017-09-21T19:59:08.078113,1301,3.30244,0.34375
2017-09-21T19:59:08.204951,1302,3.07271,0.390625
2017-09-21T19:59:08.328780,1303,3.53624,0.3125
2017-09-21T19:59:08.456119,1304,3.03408,0.359375
2017-09-21T19:59:08.582456,1305,3.05543,0.40625
2017-09-21T19:59:08.712301,1306,3.11561,0.4375
2017-09-21T19:59:08.839138,1307,2.9519,0.359375
2017-09-21T19:59:08.970989,1308,3.1237,0.40625
2017-09-21T19:59:09.094818,1309,2.32753,0.46875
2017-09-21T19:59:09.226669,1310,2.96284,0.359375
2017-09-21T19:59:09.363533,1311,3.15384,0.4375
2017-09-21T19:59:09.506413,1312,2.92233,0.375
2017-09-21T19:59:09.638264,1313,3.44084,0.296875
2017-09-21T19:59:09.765102,1314,3.38264,0.34375
2017-09-21T19:59:09.902467,1315,2.57804,0.484375
2017-09-21T19:59:10.042841,1316,2.7644,0.375
2017-09-21T19:59:10.179204,1317,3.30626,0.359375
2017-09-21T19:59:10.317071,1318,2.79765,0.375
2017-09-21T19:59:10.454436,1319,3.0327,0.328125
2017-09-21T19:59:10.602830,1320,3.007,0.34375
2017-09-21T19:59:10.733177,1321,3.01601,0.359375
2017-09-21T19:59:10.872548,1322,3.06905,0.40625
2017-09-21T19:59:11.009412,1323,2.8957,0.328125
2017-09-21T19:59:11.146777,1324,2.56805,0.515625
2017-09-21T19:59:11.280132,1325,3.05553,0.4375
2017-09-21T19:59:11.410980,1326,3.18896,0.40625
2017-09-21T19:59:11.544335,1327,2.90422,0.390625
2017-09-21T19:59:11.684709,1328,3.12969,0.40625
2017-09-21T19:59:11.821573,1329,3.52851,0.296875
2017-09-21T19:59:11.953925,1330,3.16149,0.390625
2017-09-21T19:59:12.078757,1331,3.37521,0.296875
2017-09-21T19:59:12.203088,1332,2.76003,0.453125
2017-09-21T19:59:12.330928,1333,2.95594,0.375
2017-09-21T19:59:12.458768,1334,3.04821,0.390625
2017-09-21T19:59:12.591622,1335,2.85836,0.296875
2017-09-21T19:59:12.720464,1336,3.12423,0.328125
2017-09-21T19:59:12.851313,1337,3.07128,0.34375
2017-09-21T19:59:12.985169,1338,3.25655,0.359375
2017-09-21T19:59:13.115014,1339,3.26489,0.3125
2017-09-21T19:59:13.246363,1340,3.46073,0.265625
2017-09-21T19:59:13.370694,1341,3.05112,0.375
2017-09-21T19:59:13.505553,1342,3.40523,0.328125
2017-09-21T19:59:13.630385,1343,2.95425,0.359375
2017-09-21T19:59:13.758727,1344,2.53601,0.4375
2017-09-21T19:59:13.891078,1345,2.70469,0.390625
2017-09-21T19:59:14.022428,1346,3.28404,0.359375
2017-09-21T19:59:14.152274,1347,3.17749,0.328125
2017-09-21T19:59:14.280615,1348,3.06155,0.421875
2017-09-21T19:59:14.406951,1349,3.25564,0.328125
2017-09-21T19:59:14.540306,1350,3.01899,0.40625
2017-09-21T19:59:14.672658,1351,2.89739,0.375
2017-09-21T19:59:14.807517,1352,2.9659,0.40625
2017-09-21T19:59:14.936360,1353,3.04432,0.484375
2017-09-21T19:59:15.063197,1354,3.04226,0.40625
2017-09-21T19:59:15.190035,1355,2.77381,0.390625
2017-09-21T19:59:15.312861,1356,3.00939,0.390625
2017-09-21T19:59:15.444712,1357,3.22021,0.3125
2017-09-21T19:59:15.571549,1358,3.39285,0.34375
2017-09-21T19:59:15.697886,1359,3.18579,0.296875
2017-09-21T19:59:15.823219,1360,3.04378,0.390625
2017-09-21T19:59:15.949555,1361,3.42781,0.34375
2017-09-21T19:59:16.080904,1362,2.4238,0.46875
2017-09-21T19:59:16.212756,1363,2.94062,0.40625
2017-09-21T19:59:16.338591,1364,2.72019,0.359375
2017-09-21T19:59:16.470942,1365,3.0189,0.359375
2017-09-21T19:59:16.604297,1366,2.86268,0.390625
2017-09-21T19:59:16.736148,1367,3.13068,0.328125
2017-09-21T19:59:16.870505,1368,3.51765,0.34375
2017-09-21T19:59:16.995337,1369,3.30707,0.40625
2017-09-21T19:59:17.127188,1370,3.5382,0.359375
2017-09-21T19:59:17.257535,1371,2.40223,0.453125
2017-09-21T19:59:17.386879,1372,3.00079,0.453125
2017-09-21T19:59:17.517226,1373,2.53754,0.484375
2017-09-21T19:59:17.651082,1374,2.77753,0.421875
2017-09-21T19:59:17.777418,1375,2.71458,0.5
2017-09-21T19:59:17.906261,1376,3.53953,0.375
2017-09-21T19:59:18.038613,1377,2.64668,0.4375
2017-09-21T19:59:18.164949,1378,2.51006,0.40625
2017-09-21T19:59:18.293792,1379,3.11412,0.359375
2017-09-21T19:59:18.424139,1380,3.0537,0.390625
2017-09-21T19:59:18.558496,1381,3.15983,0.359375
2017-09-21T19:59:18.697867,1382,3.34253,0.3125
2017-09-21T19:59:18.825206,1383,2.72216,0.421875
2017-09-21T19:59:18.956555,1384,3.04391,0.359375
2017-09-21T19:59:19.086401,1385,2.81501,0.4375
2017-09-21T19:59:19.217750,1386,2.69622,0.375
2017-09-21T19:59:19.345089,1387,3.32401,0.40625
2017-09-21T19:59:19.471425,1388,2.84046,0.28125
2017-09-21T19:59:19.599265,1389,2.59134,0.453125
2017-09-21T19:59:19.724599,1390,3.26843,0.28125
2017-09-21T19:59:19.850433,1391,3.39956,0.359375
2017-09-21T19:59:19.988300,1392,2.91744,0.421875
2017-09-21T19:59:20.124663,1393,2.95662,0.421875
2017-09-21T19:59:20.256514,1394,3.19115,0.375
2017-09-21T19:59:20.385357,1395,3.06343,0.40625
2017-09-21T19:59:20.516706,1396,3.27105,0.4375
2017-09-21T19:59:20.649058,1397,3.00503,0.328125
2017-09-21T19:59:20.774391,1398,2.562,0.4375
2017-09-21T19:59:20.904237,1399,2.99003,0.421875
2017-09-21T19:59:21.034584,1400,2.81766,0.4375
2017-09-21T19:59:22.424782,1401,3.09319,0.390625
2017-09-21T19:59:22.555129,1402,2.85861,0.34375
2017-09-21T19:59:22.689487,1403,3.08143,0.40625
2017-09-21T19:59:22.818329,1404,3.2916,0.328125
2017-09-21T19:59:22.946169,1405,2.8414,0.375
2017-09-21T19:59:23.072506,1406,2.87679,0.375
2017-09-21T19:59:23.198341,1407,3.35788,0.34375
2017-09-21T19:59:23.330191,1408,3.25795,0.359375
2017-09-21T19:59:23.458031,1409,2.77697,0.4375
2017-09-21T19:59:23.589882,1410,2.66209,0.546875
2017-09-21T19:59:23.721232,1411,2.88513,0.4375
2017-09-21T19:59:23.852581,1412,3.17965,0.296875
2017-09-21T19:59:23.984432,1413,3.62488,0.359375
2017-09-21T19:59:24.109264,1414,3.59041,0.34375
2017-09-21T19:59:24.240112,1415,3.109,0.328125
2017-09-21T19:59:24.374469,1416,2.88145,0.484375
2017-09-21T19:59:24.502309,1417,3.15047,0.34375
2017-09-21T19:59:24.630651,1418,3.13379,0.34375
2017-09-21T19:59:24.756486,1419,3.0039,0.4375
2017-09-21T19:59:24.882822,1420,3.42342,0.3125
2017-09-21T19:59:25.014673,1421,2.90204,0.40625
2017-09-21T19:59:25.140511,1422,3.02531,0.328125
2017-09-21T19:59:25.269855,1423,3.32093,0.40625
2017-09-21T19:59:25.401204,1424,2.98914,0.453125
2017-09-21T19:59:25.531552,1425,2.58975,0.421875
2017-09-21T19:59:25.662901,1426,3.17833,0.40625
2017-09-21T19:59:25.794250,1427,3.08503,0.390625
2017-09-21T19:59:25.921088,1428,3.41566,0.265625
2017-09-21T19:59:26.047424,1429,2.45704,0.4375
2017-09-21T19:59:26.180277,1430,3.25111,0.25
2017-09-21T19:59:26.313632,1431,2.69435,0.453125
2017-09-21T19:59:26.437963,1432,2.90433,0.375
2017-09-21T19:59:26.566805,1433,2.79555,0.421875
2017-09-21T19:59:26.692139,1434,2.92052,0.4375
2017-09-21T19:59:26.823990,1435,2.6652,0.46875
2017-09-21T19:59:26.946817,1436,3.12652,0.328125
2017-09-21T19:59:27.079169,1437,2.66434,0.5
2017-09-21T19:59:27.204001,1438,2.89096,0.421875
2017-09-21T19:59:27.336854,1439,2.64752,0.421875
2017-09-21T19:59:27.462188,1440,3.3336,0.390625
2017-09-21T19:59:27.595041,1441,3.2489,0.3125
2017-09-21T19:59:27.722881,1442,2.50927,0.46875
2017-09-21T19:59:27.850220,1443,3.44817,0.3125
2017-09-21T19:59:27.975052,1444,3.31667,0.328125
2017-09-21T19:59:28.101890,1445,2.38325,0.515625
2017-09-21T19:59:28.227223,1446,3.89666,0.328125
2017-09-21T19:59:28.361079,1447,3.11487,0.359375
2017-09-21T19:59:28.487916,1448,2.88888,0.390625
2017-09-21T19:59:28.614253,1449,3.57503,0.3125
2017-09-21T19:59:28.748109,1450,3.06354,0.375
2017-09-21T19:59:28.874445,1451,2.99579,0.359375
2017-09-21T19:59:28.999278,1452,3.8446,0.21875
2017-09-21T19:59:29.124610,1453,3.3005,0.359375
2017-09-21T19:59:29.257464,1454,2.671,0.46875
2017-09-21T19:59:29.387811,1455,2.84548,0.34375
2017-09-21T19:59:29.520163,1456,2.88221,0.359375
2017-09-21T19:59:29.654520,1457,3.72014,0.34375
2017-09-21T19:59:29.782862,1458,3.46449,0.296875
2017-09-21T19:59:29.919225,1459,2.90377,0.375
2017-09-21T19:59:30.052078,1460,3.60144,0.3125
2017-09-21T19:59:30.185934,1461,3.22977,0.375
2017-09-21T19:59:30.319790,1462,2.56024,0.4375
2017-09-21T19:59:30.451140,1463,2.99397,0.328125
2017-09-21T19:59:30.579983,1464,3.56445,0.40625
2017-09-21T19:59:30.715844,1465,3.04895,0.359375
2017-09-21T19:59:30.847193,1466,3.19551,0.328125
2017-09-21T19:59:30.976538,1467,2.85165,0.390625
2017-09-21T19:59:31.108889,1468,3.2874,0.3125
2017-09-21T19:59:31.255279,1469,3.0657,0.28125
2017-09-21T19:59:31.383621,1470,2.97537,0.4375
2017-09-21T19:59:31.517978,1471,3.07435,0.375
2017-09-21T19:59:31.653840,1472,3.40393,0.328125
2017-09-21T19:59:31.795216,1473,3.19314,0.359375
2017-09-21T19:59:31.939600,1474,2.83588,0.46875
2017-09-21T19:59:32.085488,1475,2.80568,0.453125
2017-09-21T19:59:32.226864,1476,3.19717,0.484375
2017-09-21T19:59:32.368240,1477,2.63989,0.390625
2017-09-21T19:59:32.507611,1478,3.2337,0.421875
2017-09-21T19:59:32.646480,1479,3.27059,0.4375
2017-09-21T19:59:32.784849,1480,3.4616,0.3125
2017-09-21T19:59:32.920710,1481,3.53023,0.25
2017-09-21T19:59:33.057073,1482,3.05495,0.421875
2017-09-21T19:59:33.192433,1483,4.09748,0.28125
2017-09-21T19:59:33.318268,1484,3.00875,0.453125
2017-09-21T19:59:33.463153,1485,3.77693,0.265625
2017-09-21T19:59:33.598012,1486,3.12737,0.421875
2017-09-21T19:59:33.735377,1487,3.0721,0.359375
2017-09-21T19:59:33.873244,1488,2.7947,0.4375
2017-09-21T19:59:34.003591,1489,2.888,0.421875
2017-09-21T19:59:34.132434,1490,2.92064,0.328125
2017-09-21T19:59:34.263282,1491,3.39556,0.296875
2017-09-21T19:59:34.395133,1492,3.21532,0.296875
2017-09-21T19:59:34.526482,1493,3.68494,0.3125
2017-09-21T19:59:34.655325,1494,3.43448,0.359375
2017-09-21T19:59:34.793192,1495,2.9996,0.40625
2017-09-21T19:59:34.927549,1496,2.65743,0.421875
2017-09-21T19:59:35.060904,1497,2.73407,0.453125
2017-09-21T19:59:35.194259,1498,3.38362,0.328125
2017-09-21T19:59:35.326611,1499,2.89751,0.359375
2017-09-21T19:59:35.459966,1500,2.90924,0.390625
2017-09-21T19:59:36.938900,1501,3.04332,0.40625
2017-09-21T19:59:37.067743,1502,2.32138,0.5
2017-09-21T19:59:37.194079,1503,3.06582,0.359375
2017-09-21T19:59:37.326431,1504,2.71036,0.359375
2017-09-21T19:59:37.459786,1505,2.47795,0.515625
2017-09-21T19:59:37.592138,1506,3.1094,0.359375
2017-09-21T19:59:37.718474,1507,3.41985,0.34375
2017-09-21T19:59:37.848320,1508,2.85164,0.375
2017-09-21T19:59:37.982677,1509,3.76186,0.296875
2017-09-21T19:59:38.113024,1510,2.88659,0.453125
2017-09-21T19:59:38.239360,1511,2.69428,0.40625
2017-09-21T19:59:38.372715,1512,3.27283,0.40625
2017-09-21T19:59:38.502059,1513,3.01005,0.390625
2017-09-21T19:59:38.628896,1514,3.58243,0.359375
2017-09-21T19:59:38.755233,1515,2.95424,0.453125
2017-09-21T19:59:38.887083,1516,2.38492,0.4375
2017-09-21T19:59:39.020438,1517,2.69861,0.453125
2017-09-21T19:59:39.158806,1518,3.12199,0.28125
2017-09-21T19:59:39.299180,1519,2.67486,0.4375
2017-09-21T19:59:39.430028,1520,3.33338,0.34375
2017-09-21T19:59:39.554860,1521,2.83389,0.390625
2017-09-21T19:59:39.689719,1522,3.17768,0.3125
2017-09-21T19:59:39.824076,1523,3.24462,0.375
2017-09-21T19:59:39.956930,1524,3.35808,0.3125
2017-09-21T19:59:40.087778,1525,2.66949,0.421875
2017-09-21T19:59:40.213111,1526,3.03967,0.28125
2017-09-21T19:59:40.344962,1527,2.9158,0.34375
2017-09-21T19:59:40.475309,1528,3.94835,0.328125
2017-09-21T19:59:40.602146,1529,3.37414,0.390625
2017-09-21T19:59:40.733997,1530,2.84501,0.328125
2017-09-21T19:59:40.872867,1531,3.25156,0.390625
2017-09-21T19:59:41.004216,1532,3.29607,0.34375
2017-09-21T19:59:41.131053,1533,3.5932,0.296875
2017-09-21T19:59:41.263907,1534,3.14546,0.34375
2017-09-21T19:59:41.396760,1535,2.89521,0.46875
2017-09-21T19:59:41.522595,1536,2.33316,0.546875
2017-09-21T19:59:41.656952,1537,2.73531,0.4375
2017-09-21T19:59:41.787801,1538,2.91359,0.34375
2017-09-21T19:59:41.919150,1539,3.05637,0.3125
2017-09-21T19:59:42.056515,1540,3.0018,0.40625
2017-09-21T19:59:42.187865,1541,2.80815,0.40625
2017-09-21T19:59:42.315705,1542,3.03043,0.390625
2017-09-21T19:59:42.448559,1543,2.87424,0.328125
2017-09-21T19:59:42.585924,1544,3.28154,0.359375
2017-09-21T19:59:42.717273,1545,3.12009,0.359375
2017-09-21T19:59:42.843610,1546,3.04192,0.40625
2017-09-21T19:59:42.975962,1547,2.68846,0.46875
2017-09-21T19:59:43.104303,1548,3.12854,0.453125
2017-09-21T19:59:43.230639,1549,2.66255,0.421875
2017-09-21T19:59:43.361989,1550,3.10519,0.390625
2017-09-21T19:59:43.492837,1551,3.01427,0.359375
2017-09-21T19:59:43.618170,1552,3.19578,0.328125
2017-09-21T19:59:43.743003,1553,2.78878,0.328125
2017-09-21T19:59:43.867834,1554,2.77284,0.453125
2017-09-21T19:59:44.001691,1555,2.71586,0.4375
2017-09-21T19:59:44.126523,1556,2.95945,0.34375
2017-09-21T19:59:44.257371,1557,3.19349,0.390625
2017-09-21T19:59:44.387718,1558,2.96382,0.359375
2017-09-21T19:59:44.512550,1559,2.67303,0.4375
2017-09-21T19:59:44.645403,1560,2.75992,0.390625
2017-09-21T19:59:44.776752,1561,2.73789,0.375
2017-09-21T19:59:44.904593,1562,2.84282,0.453125
2017-09-21T19:59:45.035441,1563,2.93003,0.390625
2017-09-21T19:59:45.162278,1564,3.27721,0.328125
2017-09-21T19:59:45.292124,1565,3.45903,0.375
2017-09-21T19:59:45.421970,1566,3.13591,0.359375
2017-09-21T19:59:45.552316,1567,3.33439,0.390625
2017-09-21T19:59:45.685169,1568,2.73343,0.4375
2017-09-21T19:59:45.818023,1569,2.48327,0.46875
2017-09-21T19:59:45.944359,1570,2.63492,0.390625
2017-09-21T19:59:46.077714,1571,2.86878,0.4375
2017-09-21T19:59:46.210567,1572,3.04141,0.375
2017-09-21T19:59:46.342919,1573,2.92657,0.390625
2017-09-21T19:59:46.481789,1574,2.9591,0.390625
2017-09-21T19:59:46.606120,1575,2.74492,0.375
2017-09-21T19:59:46.739474,1576,3.01742,0.328125
2017-09-21T19:59:46.864808,1577,2.94397,0.28125
2017-09-21T19:59:46.997661,1578,3.36729,0.328125
2017-09-21T19:59:47.126003,1579,2.96635,0.375
2017-09-21T19:59:47.257853,1580,2.974,0.296875
2017-09-21T19:59:47.385694,1581,3.52477,0.34375
2017-09-21T19:59:47.512030,1582,3.26471,0.375
2017-09-21T19:59:47.636361,1583,2.86274,0.375
2017-09-21T19:59:47.762195,1584,3.3551,0.328125
2017-09-21T19:59:47.892542,1585,2.82191,0.40625
2017-09-21T19:59:48.025897,1586,2.666,0.40625
2017-09-21T19:59:48.158750,1587,2.93612,0.375
2017-09-21T19:59:48.285086,1588,3.176,0.390625
2017-09-21T19:59:48.410921,1589,2.8246,0.359375
2017-09-21T19:59:48.541769,1590,3.55529,0.265625
2017-09-21T19:59:48.668105,1591,2.75632,0.40625
2017-09-21T19:59:48.796447,1592,2.90177,0.359375
2017-09-21T19:59:48.921279,1593,2.79911,0.296875
2017-09-21T19:59:49.049621,1594,3.03331,0.34375
2017-09-21T19:59:49.174954,1595,2.65136,0.4375
2017-09-21T19:59:49.306303,1596,3.363,0.375
2017-09-21T19:59:49.430634,1597,3.10178,0.390625
2017-09-21T19:59:49.562485,1598,2.96034,0.40625
2017-09-21T19:59:49.688320,1599,2.56227,0.515625
2017-09-21T19:59:49.815658,1600,3.53693,0.359375
2017-09-21T19:59:51.235937,1601,3.21634,0.375
2017-09-21T19:59:51.368289,1602,3.14441,0.453125
2017-09-21T19:59:51.498134,1603,3.43561,0.328125
2017-09-21T19:59:51.629986,1604,3.26528,0.265625
2017-09-21T19:59:51.754817,1605,3.03246,0.375
2017-09-21T19:59:51.891682,1606,3.17351,0.375
2017-09-21T19:59:52.020023,1607,3.09142,0.40625
2017-09-21T19:59:52.154882,1608,3.17195,0.28125
2017-09-21T19:59:52.283224,1609,2.98248,0.40625
2017-09-21T19:59:52.417079,1610,2.59084,0.5
2017-09-21T19:59:52.554445,1611,2.82439,0.4375
2017-09-21T19:59:52.678776,1612,2.6394,0.375
2017-09-21T19:59:52.804109,1613,3.31387,0.359375
2017-09-21T19:59:52.934456,1614,2.73887,0.5
2017-09-21T19:59:53.059790,1615,3.11461,0.359375
2017-09-21T19:59:53.191139,1616,2.55442,0.40625
2017-09-21T19:59:53.320984,1617,2.9622,0.34375
2017-09-21T19:59:53.450328,1618,3.14192,0.328125
2017-09-21T19:59:53.580174,1619,3.68982,0.3125
2017-09-21T19:59:53.705006,1620,2.74581,0.359375
2017-09-21T19:59:53.832846,1621,2.8548,0.421875
2017-09-21T19:59:53.960686,1622,2.94252,0.328125
2017-09-21T19:59:54.087524,1623,2.72756,0.375
2017-09-21T19:59:54.213358,1624,2.68384,0.4375
2017-09-21T19:59:54.346212,1625,3.58314,0.234375
2017-09-21T19:59:54.477561,1626,2.935,0.359375
2017-09-21T19:59:54.606404,1627,2.47603,0.484375
2017-09-21T19:59:54.732239,1628,3.76937,0.25
2017-09-21T19:59:54.863588,1629,3.20225,0.3125
2017-09-21T19:59:54.989924,1630,3.21339,0.375
2017-09-21T19:59:55.121274,1631,3.26458,0.34375
2017-09-21T19:59:55.246607,1632,2.85995,0.34375
2017-09-21T19:59:55.372442,1633,2.95197,0.390625
2017-09-21T19:59:55.502287,1634,2.91615,0.40625
2017-09-21T19:59:55.629125,1635,2.67186,0.40625
2017-09-21T19:59:55.760474,1636,2.72547,0.421875
2017-09-21T19:59:55.893829,1637,3.16784,0.359375
2017-09-21T19:59:56.019163,1638,2.8793,0.453125
2017-09-21T19:59:56.147504,1639,3.60291,0.296875
2017-09-21T19:59:56.275846,1640,2.72006,0.4375
2017-09-21T19:59:56.404187,1641,3.30402,0.4375
2017-09-21T19:59:56.530022,1642,3.2438,0.296875
2017-09-21T19:59:56.660369,1643,2.9147,0.40625
2017-09-21T19:59:56.785702,1644,3.45683,0.34375
2017-09-21T19:59:56.917051,1645,3.04302,0.375
2017-09-21T19:59:57.046395,1646,3.20856,0.328125
2017-09-21T19:59:57.179750,1647,3.48355,0.296875
2017-09-21T19:59:57.304582,1648,2.76953,0.4375
2017-09-21T19:59:57.429414,1649,3.29086,0.34375
2017-09-21T19:59:57.553745,1650,3.38982,0.265625
2017-09-21T19:59:57.711665,1651,2.82233,0.390625
2017-09-21T19:59:57.835996,1652,3.26339,0.265625
2017-09-21T19:59:57.968349,1653,3.23925,0.375
2017-09-21T19:59:58.100199,1654,3.33665,0.390625
2017-09-21T19:59:58.232050,1655,3.36258,0.359375
2017-09-21T19:59:58.361394,1656,2.74379,0.375
2017-09-21T19:59:58.491741,1657,3.25754,0.328125
2017-09-21T19:59:58.625096,1658,2.95257,0.40625
2017-09-21T19:59:58.755944,1659,2.39659,0.40625
2017-09-21T19:59:58.887293,1660,2.96711,0.421875
2017-09-21T19:59:59.021150,1661,3.40807,0.34375
2017-09-21T19:59:59.145981,1662,2.39443,0.484375
2017-09-21T19:59:59.270312,1663,2.97375,0.4375
2017-09-21T19:59:59.404670,1664,3.05752,0.375
2017-09-21T19:59:59.530505,1665,3.20621,0.359375
2017-09-21T19:59:59.655336,1666,3.79621,0.234375
2017-09-21T19:59:59.784681,1667,2.83113,0.421875
2017-09-21T19:59:59.915529,1668,3.07808,0.359375
2017-09-21T20:00:00.041364,1669,2.91522,0.421875
2017-09-21T20:00:00.172713,1670,2.92024,0.3125
2017-09-21T20:00:00.303561,1671,2.7864,0.4375
2017-09-21T20:00:00.435914,1672,2.94957,0.421875
2017-09-21T20:00:00.564255,1673,2.85952,0.34375
2017-09-21T20:00:00.695604,1674,3.53413,0.359375
2017-09-21T20:00:00.827956,1675,2.96149,0.40625
2017-09-21T20:00:00.957802,1676,3.07657,0.328125
2017-09-21T20:00:01.082634,1677,2.78291,0.40625
2017-09-21T20:00:01.209471,1678,3.71236,0.390625
2017-09-21T20:00:01.343829,1679,3.04189,0.328125
2017-09-21T20:00:01.469664,1680,2.83816,0.46875
2017-09-21T20:00:01.605024,1681,2.85784,0.390625
2017-09-21T20:00:01.735370,1682,3.57551,0.3125
2017-09-21T20:00:01.861706,1683,2.77177,0.40625
2017-09-21T20:00:01.993557,1684,3.34745,0.375
2017-09-21T20:00:02.126411,1685,2.17214,0.453125
2017-09-21T20:00:02.256757,1686,2.8291,0.421875
2017-09-21T20:00:02.388107,1687,3.00274,0.375
2017-09-21T20:00:02.515446,1688,3.60368,0.285714
2017-09-21T20:00:02.642785,1689,2.64008,0.46875
2017-09-21T20:00:02.773131,1690,2.99586,0.296875
2017-09-21T20:00:02.897462,1691,2.72255,0.390625
2017-09-21T20:00:03.022796,1692,2.6314,0.46875
2017-09-21T20:00:03.149132,1693,2.22542,0.53125
2017-09-21T20:00:03.275468,1694,2.64918,0.4375
2017-09-21T20:00:03.407319,1695,2.64395,0.515625
2017-09-21T20:00:03.538668,1696,2.46579,0.453125
2017-09-21T20:00:03.666508,1697,3.08327,0.453125
2017-09-21T20:00:03.799863,1698,2.42907,0.40625
2017-09-21T20:00:03.927202,1699,2.9255,0.421875
2017-09-21T20:00:04.057549,1700,2.55921,0.53125
2017-09-21T20:00:05.577092,1701,2.63222,0.390625
2017-09-21T20:00:05.724484,1702,2.5123,0.40625
2017-09-21T20:00:05.856835,1703,2.86765,0.375
2017-09-21T20:00:05.985678,1704,2.63461,0.390625
2017-09-21T20:00:06.117028,1705,2.82364,0.375
2017-09-21T20:00:06.248878,1706,2.49991,0.453125
2017-09-21T20:00:06.392260,1707,2.50011,0.46875
2017-09-21T20:00:06.534137,1708,2.22,0.53125
2017-09-21T20:00:06.666489,1709,2.62882,0.484375
2017-09-21T20:00:06.795333,1710,3.43817,0.3125
2017-09-21T20:00:06.932698,1711,2.63609,0.515625
2017-09-21T20:00:07.065050,1712,2.44661,0.5
2017-09-21T20:00:07.199909,1713,3.04926,0.421875
2017-09-21T20:00:07.344293,1714,2.80362,0.390625
2017-09-21T20:00:07.481658,1715,2.65552,0.40625
2017-09-21T20:00:07.611002,1716,2.39579,0.453125
2017-09-21T20:00:07.739845,1717,3.01633,0.40625
2017-09-21T20:00:07.876208,1718,2.74028,0.4375
2017-09-21T20:00:08.014075,1719,2.93144,0.40625
2017-09-21T20:00:08.157958,1720,3.52359,0.34375
2017-09-21T20:00:08.284795,1721,2.54251,0.484375
2017-09-21T20:00:08.415142,1722,2.42966,0.46875
2017-09-21T20:00:08.544486,1723,2.83945,0.46875
2017-09-21T20:00:08.681350,1724,2.54265,0.53125
2017-09-21T20:00:08.818716,1725,2.72861,0.453125
2017-09-21T20:00:08.965105,1726,3.26347,0.34375
2017-09-21T20:00:09.097457,1727,2.68938,0.40625
2017-09-21T20:00:09.240839,1728,2.64885,0.4375
2017-09-21T20:00:09.370684,1729,2.27288,0.546875
2017-09-21T20:00:09.504540,1730,2.52907,0.453125
2017-09-21T20:00:09.636391,1731,2.46872,0.453125
2017-09-21T20:00:09.769746,1732,2.92872,0.34375
2017-09-21T20:00:09.897586,1733,2.76952,0.359375
2017-09-21T20:00:10.027431,1734,2.55468,0.453125
2017-09-21T20:00:10.154269,1735,1.92667,0.578125
2017-09-21T20:00:10.286120,1736,2.94089,0.296875
2017-09-21T20:00:10.414962,1737,2.86509,0.375
2017-09-21T20:00:10.546813,1738,2.50829,0.484375
2017-09-21T20:00:10.672146,1739,2.94134,0.34375
2017-09-21T20:00:10.797981,1740,2.99357,0.40625
2017-09-21T20:00:10.932840,1741,2.50691,0.484375
2017-09-21T20:00:11.063187,1742,2.19436,0.375
2017-09-21T20:00:11.197544,1743,2.84759,0.4375
2017-09-21T20:00:11.325384,1744,2.79788,0.34375
2017-09-21T20:00:11.452723,1745,2.61619,0.421875
2017-09-21T20:00:11.583571,1746,3.2053,0.34375
2017-09-21T20:00:11.709907,1747,2.38826,0.484375
2017-09-21T20:00:11.834740,1748,3.14859,0.46875
2017-09-21T20:00:11.960574,1749,1.96267,0.515625
2017-09-21T20:00:12.100446,1750,2.41904,0.4375
2017-09-21T20:00:12.233300,1751,3.18588,0.359375
2017-09-21T20:00:12.367156,1752,3.09338,0.40625
2017-09-21T20:00:12.498505,1753,2.87835,0.421875
2017-09-21T20:00:12.624340,1754,2.917,0.40625
2017-09-21T20:00:12.749173,1755,2.64448,0.453125
2017-09-21T20:00:12.879519,1756,2.47783,0.453125
2017-09-21T20:00:13.003850,1757,2.81673,0.390625
2017-09-21T20:00:13.130687,1758,2.33377,0.5
2017-09-21T20:00:13.259029,1759,3.26576,0.375
2017-09-21T20:00:13.396394,1760,2.19564,0.578125
2017-09-21T20:00:13.523733,1761,2.36448,0.484375
2017-09-21T20:00:13.655083,1762,2.68448,0.421875
2017-09-21T20:00:13.779915,1763,2.44519,0.484375
2017-09-21T20:00:13.905749,1764,2.49065,0.4375
2017-09-21T20:00:14.030080,1765,3.01959,0.390625
2017-09-21T20:00:14.158923,1766,2.73104,0.515625
2017-09-21T20:00:14.285760,1767,3.0178,0.484375
2017-09-21T20:00:14.416107,1768,2.22225,0.4375
2017-09-21T20:00:14.540939,1769,2.56981,0.453125
2017-09-21T20:00:14.675297,1770,2.43219,0.5
2017-09-21T20:00:14.803137,1771,2.64579,0.46875
2017-09-21T20:00:14.937995,1772,2.43003,0.453125
2017-09-21T20:00:15.065836,1773,2.69392,0.453125
2017-09-21T20:00:15.191671,1774,2.25374,0.390625
2017-09-21T20:00:15.321015,1775,2.95886,0.328125
2017-09-21T20:00:15.460385,1776,3.05627,0.265625
2017-09-21T20:00:15.597751,1777,2.7876,0.421875
2017-09-21T20:00:15.744642,1778,2.43155,0.4375
2017-09-21T20:00:15.877495,1779,2.65143,0.421875
2017-09-21T20:00:16.015362,1780,3.30961,0.390625
2017-09-21T20:00:16.145207,1781,2.62531,0.453125
2017-09-21T20:00:16.280066,1782,2.54644,0.484375
2017-09-21T20:00:16.410914,1783,2.81277,0.375
2017-09-21T20:00:16.543768,1784,3.02788,0.34375
2017-09-21T20:00:16.680130,1785,2.6189,0.46875
2017-09-21T20:00:16.818499,1786,3.04102,0.28125
2017-09-21T20:00:16.959875,1787,2.86801,0.3125
2017-09-21T20:00:17.102254,1788,2.60842,0.484375
2017-09-21T20:00:17.238115,1789,3.02262,0.484375
2017-09-21T20:00:17.368462,1790,3.13512,0.328125
2017-09-21T20:00:17.497806,1791,2.37624,0.40625
2017-09-21T20:00:17.641689,1792,2.68628,0.421875
2017-09-21T20:00:17.776547,1793,2.41924,0.5625
2017-09-21T20:00:17.906393,1794,2.56589,0.4375
2017-09-21T20:00:18.092388,1795,2.84369,0.34375
2017-09-21T20:00:18.239278,1796,2.45091,0.5
2017-09-21T20:00:18.379151,1797,2.65209,0.421875
2017-09-21T20:00:18.518521,1798,2.9657,0.40625
2017-09-21T20:00:18.652879,1799,2.76255,0.4375
2017-09-21T20:00:18.790746,1800,2.68503,0.421875
2017-09-21T20:00:20.185456,1801,2.73604,0.390625
2017-09-21T20:00:20.317808,1802,2.67958,0.453125
2017-09-21T20:00:20.446150,1803,2.85542,0.421875
2017-09-21T20:00:20.574491,1804,2.99396,0.375
2017-09-21T20:00:20.701329,1805,3.33497,0.34375
2017-09-21T20:00:20.831675,1806,2.64079,0.390625
2017-09-21T20:00:20.966534,1807,3.04442,0.359375
2017-09-21T20:00:21.097884,1808,2.79223,0.34375
2017-09-21T20:00:21.224721,1809,2.73051,0.421875
2017-09-21T20:00:21.352060,1810,3.00243,0.375
2017-09-21T20:00:21.477393,1811,3.0034,0.4375
2017-09-21T20:00:21.604231,1812,2.24821,0.53125
2017-09-21T20:00:21.735079,1813,2.25156,0.515625
2017-09-21T20:00:21.868434,1814,2.40273,0.46875
2017-09-21T20:00:22.001287,1815,2.6422,0.453125
2017-09-21T20:00:22.128125,1816,3.05886,0.421875
2017-09-21T20:00:22.260477,1817,2.3824,0.4375
2017-09-21T20:00:22.387314,1818,2.8049,0.421875
2017-09-21T20:00:22.522173,1819,2.64813,0.53125
2017-09-21T20:00:22.653021,1820,2.91549,0.40625
2017-09-21T20:00:22.798909,1821,3.08177,0.375
2017-09-21T20:00:22.927251,1822,3.59464,0.28125
2017-09-21T20:00:23.062110,1823,3.15695,0.375
2017-09-21T20:00:23.192456,1824,2.64827,0.375
2017-09-21T20:00:23.319795,1825,2.83338,0.375
2017-09-21T20:00:23.445128,1826,2.62647,0.359375
2017-09-21T20:00:23.570963,1827,2.79471,0.375
2017-09-21T20:00:23.696798,1828,2.39185,0.515625
2017-09-21T20:00:23.830654,1829,2.66305,0.390625
2017-09-21T20:00:23.962004,1830,3.00002,0.328125
2017-09-21T20:00:24.093854,1831,2.83607,0.328125
2017-09-21T20:00:24.225705,1832,3.01727,0.390625
2017-09-21T20:00:24.352041,1833,2.50766,0.484375
2017-09-21T20:00:24.478377,1834,3.12802,0.328125
2017-09-21T20:00:24.609727,1835,2.62923,0.359375
2017-09-21T20:00:24.739572,1836,3.0743,0.40625
2017-09-21T20:00:24.869919,1837,2.85971,0.390625
2017-09-21T20:00:25.002271,1838,3.14467,0.34375
2017-09-21T20:00:25.141141,1839,2.63234,0.421875
2017-09-21T20:00:25.268480,1840,2.41749,0.5
2017-09-21T20:00:25.401834,1841,2.33868,0.484375
2017-09-21T20:00:25.533184,1842,2.54661,0.453125
2017-09-21T20:00:25.665536,1843,2.68112,0.453125
2017-09-21T20:00:25.799893,1844,2.77886,0.4375
2017-09-21T20:00:25.925728,1845,3.09365,0.34375
2017-09-21T20:00:26.056075,1846,3.00399,0.359375
2017-09-21T20:00:26.186422,1847,2.89499,0.359375
2017-09-21T20:00:26.317771,1848,2.42995,0.40625
2017-09-21T20:00:26.450624,1849,2.77885,0.453125
2017-09-21T20:00:26.582475,1850,2.86864,0.375
2017-09-21T20:00:26.706806,1851,2.36411,0.4375
2017-09-21T20:00:26.834145,1852,2.90164,0.359375
2017-09-21T20:00:26.959980,1853,2.50376,0.453125
2017-09-21T20:00:27.085814,1854,2.48932,0.5
2017-09-21T20:00:27.220172,1855,2.49223,0.453125
2017-09-21T20:00:27.347010,1856,2.63745,0.5
2017-09-21T20:00:27.475351,1857,2.39453,0.453125
2017-09-21T20:00:27.607703,1858,2.73488,0.484375
2017-09-21T20:00:27.738551,1859,2.57654,0.4375
2017-09-21T20:00:27.871906,1860,2.36959,0.515625
2017-09-21T20:00:28.003255,1861,2.33343,0.46875
2017-09-21T20:00:28.130594,1862,2.29526,0.515625
2017-09-21T20:00:28.262445,1863,2.70902,0.4375
2017-09-21T20:00:28.386776,1864,2.6762,0.375
2017-09-21T20:00:28.511106,1865,2.6465,0.4375
2017-09-21T20:00:28.645464,1866,2.97809,0.453125
2017-09-21T20:00:28.770296,1867,3.02887,0.3125
2017-09-21T20:00:28.896632,1868,2.85632,0.3125
2017-09-21T20:00:29.028984,1869,2.46001,0.421875
2017-09-21T20:00:29.158830,1870,2.61585,0.484375
2017-09-21T20:00:29.287672,1871,2.84144,0.40625
2017-09-21T20:00:29.413507,1872,2.71504,0.4375
2017-09-21T20:00:29.540345,1873,2.39683,0.453125
2017-09-21T20:00:29.664675,1874,2.45065,0.4375
2017-09-21T20:00:29.790510,1875,2.73688,0.453125
2017-09-21T20:00:29.916345,1876,2.23429,0.5
2017-09-21T20:00:30.042180,1877,2.34884,0.4375
2017-09-21T20:00:30.167513,1878,3.06471,0.34375
2017-09-21T20:00:30.293348,1879,2.60215,0.4375
2017-09-21T20:00:30.425199,1880,2.12416,0.484375
2017-09-21T20:00:30.555044,1881,2.7052,0.46875
2017-09-21T20:00:30.687898,1882,2.48708,0.453125
2017-09-21T20:00:30.820250,1883,2.63095,0.46875
2017-09-21T20:00:30.948591,1884,2.62853,0.421875
2017-09-21T20:00:31.077434,1885,2.75614,0.453125
2017-09-21T20:00:31.210287,1886,2.59043,0.375
2017-09-21T20:00:31.337626,1887,2.34915,0.46875
2017-09-21T20:00:31.465968,1888,2.03711,0.53125
2017-09-21T20:00:31.600325,1889,3.01688,0.4375
2017-09-21T20:00:31.730672,1890,2.65284,0.4375
2017-09-21T20:00:31.856507,1891,3.14092,0.40625
2017-09-21T20:00:31.982843,1892,2.38782,0.453125
2017-09-21T20:00:32.107675,1893,2.74285,0.421875
2017-09-21T20:00:32.237019,1894,2.52452,0.5
2017-09-21T20:00:32.363856,1895,2.72452,0.453125
2017-09-21T20:00:32.495707,1896,2.56932,0.5
2017-09-21T20:00:32.625553,1897,2.87001,0.390625
2017-09-21T20:00:32.753393,1898,3.39588,0.40625
2017-09-21T20:00:32.884743,1899,2.96766,0.359375
2017-09-21T20:00:33.016092,1900,3.06277,0.3125
2017-09-21T20:00:34.428349,1901,2.65425,0.4375
2017-09-21T20:00:34.552178,1902,2.67568,0.40625
2017-09-21T20:00:34.680019,1903,2.16005,0.4375
2017-09-21T20:00:34.810365,1904,2.26682,0.5
2017-09-21T20:00:34.939710,1905,2.67534,0.421875
2017-09-21T20:00:35.076574,1906,2.69653,0.421875
2017-09-21T20:00:35.212937,1907,2.70352,0.40625
2017-09-21T20:00:35.351305,1908,2.76017,0.421875
2017-09-21T20:00:35.480649,1909,2.54684,0.40625
2017-09-21T20:00:35.618014,1910,2.67051,0.40625
2017-09-21T20:00:35.748361,1911,2.06878,0.5
2017-09-21T20:00:35.878206,1912,2.46267,0.46875
2017-09-21T20:00:36.007550,1913,2.48517,0.5
2017-09-21T20:00:36.136393,1914,2.83938,0.40625
2017-09-21T20:00:36.268745,1915,2.99764,0.40625
2017-09-21T20:00:36.398591,1916,2.32303,0.453125
2017-09-21T20:00:36.522922,1917,2.6581,0.375
2017-09-21T20:00:36.654271,1918,2.86995,0.421875
2017-09-21T20:00:36.783615,1919,2.88815,0.421875
2017-09-21T20:00:36.907946,1920,2.4214,0.484375
2017-09-21T20:00:37.039295,1921,2.87019,0.359375
2017-09-21T20:00:37.168639,1922,2.5172,0.453125
2017-09-21T20:00:37.294976,1923,2.47637,0.390625
2017-09-21T20:00:37.430837,1924,2.90664,0.34375
2017-09-21T20:00:37.556170,1925,2.46302,0.46875
2017-09-21T20:00:37.688021,1926,2.62468,0.453125
2017-09-21T20:00:37.815861,1927,2.58266,0.421875
2017-09-21T20:00:37.943200,1928,2.5051,0.453125
2017-09-21T20:00:38.075552,1929,2.42936,0.53125
2017-09-21T20:00:38.206902,1930,2.77209,0.46875
2017-09-21T20:00:38.338251,1931,2.56542,0.40625
2017-09-21T20:00:38.461579,1932,1.99664,0.5
2017-09-21T20:00:38.591425,1933,2.38629,0.484375
2017-09-21T20:00:38.720769,1934,3.0057,0.375
2017-09-21T20:00:38.850113,1935,3.03619,0.375
2017-09-21T20:00:38.975446,1936,3.02327,0.390625
2017-09-21T20:00:39.105793,1937,3.1139,0.3125
2017-09-21T20:00:39.237142,1938,2.07641,0.4375
2017-09-21T20:00:39.364481,1939,2.88637,0.4375
2017-09-21T20:00:39.496332,1940,2.55518,0.5
2017-09-21T20:00:39.625175,1941,2.82492,0.453125
2017-09-21T20:00:39.752012,1942,1.86618,0.625
2017-09-21T20:00:39.878850,1943,3.26316,0.359375
2017-09-21T20:00:40.006690,1944,2.43941,0.46875
2017-09-21T20:00:40.134029,1945,2.74036,0.390625
2017-09-21T20:00:40.261869,1946,3.04883,0.328125
2017-09-21T20:00:40.387202,1947,3.21826,0.4375
2017-09-21T20:00:40.519053,1948,2.00363,0.484375
2017-09-21T20:00:40.652909,1949,2.41039,0.484375
2017-09-21T20:00:40.783256,1950,2.50069,0.46875
2017-09-21T20:00:40.912600,1951,2.63999,0.390625
2017-09-21T20:00:41.044451,1952,2.88176,0.421875
2017-09-21T20:00:41.180312,1953,2.99878,0.3125
2017-09-21T20:00:41.309656,1954,2.99104,0.421875
2017-09-21T20:00:41.435993,1955,2.60187,0.453125
2017-09-21T20:00:41.566841,1956,2.33113,0.484375
2017-09-21T20:00:41.690670,1957,2.97798,0.4375
2017-09-21T20:00:41.817006,1958,2.84576,0.375
2017-09-21T20:00:41.950361,1959,2.42417,0.5625
2017-09-21T20:00:42.077199,1960,2.2008,0.453125
2017-09-21T20:00:42.209049,1961,2.70039,0.484375
2017-09-21T20:00:42.335887,1962,2.61247,0.390625
2017-09-21T20:00:42.468740,1963,2.45264,0.453125
2017-09-21T20:00:42.597082,1964,2.71509,0.484375
2017-09-21T20:00:42.725924,1965,2.58051,0.4375
2017-09-21T20:00:42.850756,1966,2.75407,0.4375
2017-09-21T20:00:42.978597,1967,2.20138,0.5
2017-09-21T20:00:43.104933,1968,2.99241,0.296875
2017-09-21T20:00:43.237285,1969,2.63216,0.5
2017-09-21T20:00:43.370138,1970,2.17997,0.53125
2017-09-21T20:00:43.495472,1971,2.62598,0.4375
2017-09-21T20:00:43.629829,1972,2.33653,0.5
2017-09-21T20:00:43.763184,1973,2.55813,0.453125
2017-09-21T20:00:43.895035,1974,2.65458,0.390625
2017-09-21T20:00:44.020368,1975,2.3042,0.53125
2017-09-21T20:00:44.151718,1976,2.30122,0.453125
2017-09-21T20:00:44.283568,1977,3.00649,0.390625
2017-09-21T20:00:44.407899,1978,2.62524,0.375
2017-09-21T20:00:44.538246,1979,2.95601,0.375
2017-09-21T20:00:44.670097,1980,2.45744,0.546875
2017-09-21T20:00:44.795430,1981,2.46777,0.453125
2017-09-21T20:00:44.928785,1982,2.98564,0.390625
2017-09-21T20:00:45.054620,1983,2.77397,0.359375
2017-09-21T20:00:45.183463,1984,2.27845,0.421875
2017-09-21T20:00:45.316817,1985,2.73788,0.4375
2017-09-21T20:00:45.441148,1986,3.18243,0.296875
2017-09-21T20:00:45.570994,1987,2.49774,0.421875
2017-09-21T20:00:45.701340,1988,2.25648,0.5625
2017-09-21T20:00:45.830685,1989,2.36864,0.46875
2017-09-21T20:00:45.964541,1990,3.081,0.421875
2017-09-21T20:00:46.091378,1991,2.71114,0.484375
2017-09-21T20:00:46.222226,1992,2.35826,0.46875
2017-09-21T20:00:46.353576,1993,2.85574,0.359375
2017-09-21T20:00:46.482418,1994,2.84617,0.421875
2017-09-21T20:00:46.611763,1995,2.91138,0.421875
2017-09-21T20:00:46.737096,1996,3.51236,0.3125
2017-09-21T20:00:46.870451,1997,2.64674,0.421875
2017-09-21T20:00:47.002302,1998,2.5737,0.484375
2017-09-21T20:00:47.131646,1999,2.44782,0.40625
2017-09-21T20:00:47.267507,2000,2.08926,0.515625
