2017-09-21T20:42:24.674814,1,9.59613,0
2017-09-21T20:42:24.801652,2,8.74799,0
2017-09-21T20:42:24.919966,3,8.15199,0
2017-09-21T20:42:25.033769,4,6.72484,0.015625
2017-09-21T20:42:25.145566,5,6.6726,0.046875
2017-09-21T20:42:25.255358,6,5.56423,0.078125
2017-09-21T20:42:25.374175,7,6.23109,0.125
2017-09-21T20:42:25.496500,8,7.50054,0.078125
2017-09-21T20:42:25.638879,9,7.59271,0.109375
2017-09-21T20:42:25.764714,10,6.8532,0.0625
2017-09-21T20:42:25.887039,11,6.70449,0.109375
2017-09-21T20:42:25.999338,12,6.50906,0.09375
2017-09-21T20:42:26.109631,13,7.02881,0.09375
2017-09-21T20:42:26.228447,14,6.80789,0.0625
2017-09-21T20:42:26.339744,15,6.13176,0.03125
2017-09-21T20:42:26.453045,16,7.76556,0.0625
2017-09-21T20:42:26.566346,17,5.53754,0.078125
2017-09-21T20:42:26.678645,18,5.40965,0.078125
2017-09-21T20:42:26.790944,19,5.90934,0.109375
2017-09-21T20:42:26.905749,20,5.75287,0.078125
2017-09-21T20:42:27.019552,21,6.2416,0.109375
2017-09-21T20:42:27.132352,22,7.06949,0.0625
2017-09-21T20:42:27.241643,23,5.13541,0.1875
2017-09-21T20:42:27.360459,24,5.69072,0.1875
2017-09-21T20:42:27.475766,25,5.91255,0.078125
2017-09-21T20:42:27.591073,26,4.84898,0.21875
2017-09-21T20:42:27.706379,27,4.88413,0.15625
2017-09-21T20:42:27.826198,28,6.48419,0.046875
2017-09-21T20:42:27.941505,29,6.17642,0.109375
2017-09-21T20:42:28.055308,30,5.9965,0.078125
2017-09-21T20:42:28.165601,31,6.0674,0.0625
2017-09-21T20:42:28.279404,32,5.30644,0.109375
2017-09-21T20:42:28.394711,33,5.55059,0.046875
2017-09-21T20:42:28.508513,34,6.45845,0.0625
2017-09-21T20:42:28.616300,35,5.25512,0.078125
2017-09-21T20:42:28.727095,36,6.98073,0.0625
2017-09-21T20:42:28.837388,37,5.62811,0.109375
2017-09-21T20:42:28.945676,38,5.14438,0.109375
2017-09-21T20:42:29.061986,39,5.47788,0.078125
2017-09-21T20:42:29.173783,40,5.30978,0.140625
2017-09-21T20:42:29.286583,41,5.7808,0.09375
2017-09-21T20:42:29.398882,42,6.32915,0.09375
2017-09-21T20:42:29.507672,43,5.23157,0.109375
2017-09-21T20:42:29.622978,44,5.93511,0.109375
2017-09-21T20:42:29.734274,45,5.51968,0.078125
2017-09-21T20:42:29.847075,46,5.13589,0.15625
2017-09-21T20:42:29.960877,47,6.23335,0.125
2017-09-21T20:42:30.076184,48,5.75246,0.140625
2017-09-21T20:42:30.185976,49,6.63407,0.046875
2017-09-21T20:42:30.303790,50,4.86557,0.21875
2017-09-21T20:42:30.417091,51,5.41337,0.125
2017-09-21T20:42:30.531896,52,5.49571,0.109375
2017-09-21T20:42:30.645699,53,4.48882,0.171875
2017-09-21T20:42:30.756494,54,4.42944,0.1875
2017-09-21T20:42:30.870798,55,5.29148,0.078125
2017-09-21T20:42:30.985604,56,5.39978,0.15625
2017-09-21T20:42:31.099907,57,4.43819,0.21875
2017-09-21T20:42:31.214713,58,5.39364,0.078125
2017-09-21T20:42:31.329017,59,5.55512,0.171875
2017-09-21T20:42:31.436303,60,4.22155,0.140625
2017-09-21T20:42:31.550607,61,5.4348,0.171875
2017-09-21T20:42:31.665412,62,5.64429,0.140625
2017-09-21T20:42:31.780218,63,5.32275,0.109375
2017-09-21T20:42:31.894020,64,4.68539,0.125
2017-09-21T20:42:32.003812,65,4.94598,0.15625
2017-09-21T20:42:32.121125,66,4.97498,0.125
2017-09-21T20:42:32.239440,67,4.57026,0.25
2017-09-21T20:42:32.352741,68,5.46241,0.140625
2017-09-21T20:42:32.468549,69,5.11275,0.140625
2017-09-21T20:42:32.578842,70,4.97165,0.125
2017-09-21T20:42:32.693648,71,5.85848,0.078125
2017-09-21T20:42:32.812965,72,4.74197,0.125
2017-09-21T20:42:32.927269,73,5.01968,0.0625
2017-09-21T20:42:33.043077,74,5.49208,0.078125
2017-09-21T20:42:33.160389,75,4.84203,0.203125
2017-09-21T20:42:33.275195,76,4.68868,0.15625
2017-09-21T20:42:33.385488,77,4.80495,0.09375
2017-09-21T20:42:33.496283,78,5.06956,0.078125
2017-09-21T20:42:33.612593,79,5.72203,0.15625
2017-09-21T20:42:33.721883,80,4.54654,0.1875
2017-09-21T20:42:33.837691,81,5.83475,0.15625
2017-09-21T20:42:33.946982,82,5.18614,0.171875
2017-09-21T20:42:34.055772,83,5.20301,0.125
2017-09-21T20:42:34.170577,84,4.74202,0.171875
2017-09-21T20:42:34.290396,85,4.93756,0.203125
2017-09-21T20:42:34.407207,86,5.12597,0.15625
2017-09-21T20:42:34.521009,87,5.23864,0.0625
2017-09-21T20:42:34.630300,88,5.03571,0.1875
2017-09-21T20:42:34.744103,89,4.83064,0.1875
2017-09-21T20:42:34.861415,90,4.71814,0.171875
2017-09-21T20:42:34.979228,91,4.69209,0.15625
2017-09-21T20:42:35.089021,92,4.96207,0.09375
2017-09-21T20:42:35.204828,93,4.64684,0.1875
2017-09-21T20:42:35.317629,94,5.11984,0.15625
2017-09-21T20:42:35.425416,95,4.89244,0.1875
2017-09-21T20:42:35.539720,96,4.86748,0.1875
2017-09-21T20:42:35.653522,97,5.0777,0.171875
2017-09-21T20:42:35.766824,98,4.6472,0.15625
2017-09-21T20:42:35.877117,99,4.41153,0.25
2017-09-21T20:42:35.991923,100,5.56458,0.046875
2017-09-21T20:42:37.952138,101,4.63782,0.15625
2017-09-21T20:42:38.072458,102,4.9281,0.15625
2017-09-21T20:42:38.187263,103,4.67969,0.140625
2017-09-21T20:42:38.306581,104,4.59861,0.203125
2017-09-21T20:42:38.419882,105,4.59849,0.234375
2017-09-21T20:42:38.537696,106,4.38308,0.265625
2017-09-21T20:42:38.653002,107,4.61131,0.171875
2017-09-21T20:42:38.770816,108,5.30027,0.15625
2017-09-21T20:42:38.888629,109,4.35384,0.265625
2017-09-21T20:42:39.002933,110,5.05224,0.171875
2017-09-21T20:42:39.119744,111,5.15058,0.21875
2017-09-21T20:42:39.234048,112,4.54552,0.265625
2017-09-21T20:42:39.345846,113,5.2992,0.15625
2017-09-21T20:42:39.462155,114,4.24074,0.25
2017-09-21T20:42:39.579969,115,4.34841,0.265625
2017-09-21T20:42:39.696278,116,4.76249,0.234375
2017-09-21T20:42:39.809078,117,5.48155,0.125
2017-09-21T20:42:39.926892,118,5.01625,0.140625
2017-09-21T20:42:40.040694,119,5.67427,0.09375
2017-09-21T20:42:40.159511,120,4.59217,0.21875
2017-09-21T20:42:40.274316,121,5.30127,0.109375
2017-09-21T20:42:40.392129,122,4.57533,0.203125
2017-09-21T20:42:40.507938,123,5.42315,0.109375
2017-09-21T20:42:40.621239,124,4.74989,0.203125
2017-09-21T20:42:40.733036,125,4.43892,0.28125
2017-09-21T20:42:40.847340,126,4.22242,0.234375
2017-09-21T20:42:40.965154,127,4.01058,0.21875
2017-09-21T20:42:41.080962,128,4.07833,0.21875
2017-09-21T20:42:41.193261,129,4.95857,0.1875
2017-09-21T20:42:41.308066,130,4.64171,0.1875
2017-09-21T20:42:41.418861,131,4.46371,0.234375
2017-09-21T20:42:41.533165,132,5.0339,0.1875
2017-09-21T20:42:41.649475,133,4.43614,0.25
2017-09-21T20:42:41.764280,134,4.75591,0.140625
2017-09-21T20:42:41.880589,135,4.55238,0.203125
2017-09-21T20:42:41.996899,136,4.53771,0.203125
2017-09-21T20:42:42.108195,137,4.67682,0.234375
2017-09-21T20:42:42.226510,138,4.69994,0.21875
2017-09-21T20:42:42.342318,139,4.56234,0.25
2017-09-21T20:42:42.458627,140,4.44849,0.28125
2017-09-21T20:42:42.569923,141,5.21579,0.171875
2017-09-21T20:42:42.689241,142,4.62473,0.1875
2017-09-21T20:42:42.805550,143,4.08051,0.296875
2017-09-21T20:42:42.924366,144,4.29877,0.171875
2017-09-21T20:42:43.043182,145,4.75533,0.25
2017-09-21T20:42:43.155481,146,4.77319,0.234375
2017-09-21T20:42:43.273796,147,5.55679,0.125
2017-09-21T20:42:43.390105,148,4.06799,0.25
2017-09-21T20:42:43.501401,149,5.39223,0.203125
2017-09-21T20:42:43.610692,150,6.05943,0.1875
2017-09-21T20:42:43.726500,151,5.05981,0.203125
2017-09-21T20:42:43.843311,152,5.20589,0.125
2017-09-21T20:42:43.960122,153,4.83946,0.078125
2017-09-21T20:42:44.073925,154,4.5893,0.171875
2017-09-21T20:42:44.185722,155,4.55683,0.21875
2017-09-21T20:42:44.303034,156,4.54042,0.1875
2017-09-21T20:42:44.413829,157,4.97989,0.1875
2017-09-21T20:42:44.531642,158,4.59687,0.140625
2017-09-21T20:42:44.648453,159,5.56094,0.09375
2017-09-21T20:42:44.759248,160,5.41893,0.203125
2017-09-21T20:42:44.874555,161,4.71307,0.1875
2017-09-21T20:42:44.992368,162,4.44302,0.25
2017-09-21T20:42:45.108176,163,4.97063,0.140625
2017-09-21T20:42:45.224486,164,4.88593,0.25
2017-09-21T20:42:45.340294,165,4.82854,0.234375
2017-09-21T20:42:45.458608,166,4.50399,0.203125
2017-09-21T20:42:45.574417,167,5.00014,0.203125
2017-09-21T20:42:45.685212,168,4.97316,0.140625
2017-09-21T20:42:45.801020,169,4.40024,0.203125
2017-09-21T20:42:45.914321,170,4.90582,0.28125
2017-09-21T20:42:46.029628,171,3.61669,0.25
2017-09-21T20:42:46.143431,172,4.30319,0.203125
2017-09-21T20:42:46.259239,173,5.10028,0.125
2017-09-21T20:42:46.379559,174,4.60226,0.265625
2017-09-21T20:42:46.494364,175,4.59246,0.25
2017-09-21T20:42:46.610172,176,4.49975,0.3125
2017-09-21T20:42:46.727484,177,5.03277,0.171875
2017-09-21T20:42:46.844295,178,4.53968,0.1875
2017-09-21T20:42:46.959602,179,4.85758,0.25
2017-09-21T20:42:47.070397,180,4.25144,0.265625
2017-09-21T20:42:47.182695,181,5.2979,0.109375
2017-09-21T20:42:47.299005,182,4.39997,0.171875
2017-09-21T20:42:47.415314,183,4.19996,0.15625
2017-09-21T20:42:47.534632,184,4.62497,0.171875
2017-09-21T20:42:47.652445,185,4.64921,0.15625
2017-09-21T20:42:47.768253,186,4.91272,0.234375
2017-09-21T20:42:47.880552,187,4.3173,0.25
2017-09-21T20:42:47.999869,188,5.17786,0.171875
2017-09-21T20:42:48.119688,189,4.5836,0.234375
2017-09-21T20:42:48.230483,190,4.83493,0.203125
2017-09-21T20:42:48.348798,191,3.88775,0.3125
2017-09-21T20:42:48.466110,192,4.88659,0.234375
2017-09-21T20:42:48.583923,193,5.03747,0.140625
2017-09-21T20:42:48.696222,194,4.57149,0.1875
2017-09-21T20:42:48.815038,195,5.10987,0.171875
2017-09-21T20:42:48.929342,196,4.49503,0.1875
2017-09-21T20:42:49.040639,197,4.91953,0.125
2017-09-21T20:42:49.154942,198,4.80342,0.171875
2017-09-21T20:42:49.269748,199,4.15697,0.296875
2017-09-21T20:42:49.388063,200,4.3044,0.265625
2017-09-21T20:42:50.584746,201,4.32635,0.234375
2017-09-21T20:42:50.704064,202,4.54391,0.28125
2017-09-21T20:42:50.816864,203,4.28343,0.21875
2017-09-21T20:42:50.932171,204,4.89822,0.171875
2017-09-21T20:42:51.047979,205,4.72198,0.234375
2017-09-21T20:42:51.163787,206,4.2044,0.25
2017-09-21T20:42:51.275584,207,3.92837,0.28125
2017-09-21T20:42:51.391894,208,5.03437,0.203125
2017-09-21T20:42:51.511211,209,4.50584,0.1875
2017-09-21T20:42:51.621003,210,4.20618,0.265625
2017-09-21T20:42:51.731297,211,4.43739,0.234375
2017-09-21T20:42:51.847606,212,4.58869,0.171875
2017-09-21T20:42:51.957398,213,4.91193,0.25
2017-09-21T20:42:52.069196,214,4.88414,0.1875
2017-09-21T20:42:52.185004,215,4.21219,0.328125
2017-09-21T20:42:52.302316,216,4.62759,0.3125
2017-09-21T20:42:52.413111,217,5.02659,0.234375
2017-09-21T20:42:52.527415,218,4.77611,0.171875
2017-09-21T20:42:52.643223,219,4.41187,0.15625
2017-09-21T20:42:52.761538,220,4.32321,0.265625
2017-09-21T20:42:52.872834,221,4.78958,0.140625
2017-09-21T20:42:52.989143,222,4.25371,0.265625
2017-09-21T20:42:53.103949,223,5.5478,0.203125
2017-09-21T20:42:53.217751,224,4.99005,0.125
2017-09-21T20:42:53.332557,225,4.60056,0.109375
2017-09-21T20:42:53.446861,226,4.22595,0.234375
2017-09-21T20:42:53.561666,227,4.265,0.296875
2017-09-21T20:42:53.676973,228,4.5672,0.15625
2017-09-21T20:42:53.795288,229,4.14715,0.3125
2017-09-21T20:42:53.913101,230,4.51218,0.21875
2017-09-21T20:42:54.029912,231,4.12047,0.1875
2017-09-21T20:42:54.149731,232,4.0028,0.28125
2017-09-21T20:42:54.269048,233,4.62723,0.21875
2017-09-21T20:42:54.385859,234,4.72649,0.21875
2017-09-21T20:42:54.508686,235,4.24581,0.3125
2017-09-21T20:42:54.627001,236,4.5968,0.25
2017-09-21T20:42:54.743811,237,4.20301,0.1875
2017-09-21T20:42:54.862126,238,4.98489,0.234375
2017-09-21T20:42:54.985454,239,4.4714,0.25
2017-09-21T20:42:55.104270,240,4.41921,0.328125
2017-09-21T20:42:55.224089,241,4.74907,0.265625
2017-09-21T20:42:55.341401,242,4.69229,0.25
2017-09-21T20:42:55.462224,243,3.84693,0.25
2017-09-21T20:42:55.581039,244,4.59026,0.234375
2017-09-21T20:42:55.697850,245,4.22216,0.28125
2017-09-21T20:42:55.815162,246,4.33059,0.3125
2017-09-21T20:42:55.933978,247,4.66146,0.140625
2017-09-21T20:42:56.053295,248,3.83723,0.265625
2017-09-21T20:42:56.164090,249,4.46299,0.25
2017-09-21T20:42:56.279397,250,4.56414,0.21875
2017-09-21T20:42:56.401221,251,4.98175,0.203125
2017-09-21T20:42:56.517530,252,4.7799,0.25
2017-09-21T20:42:56.633339,253,4.39538,0.171875
2017-09-21T20:42:56.754160,254,4.28865,0.140625
2017-09-21T20:42:56.868464,255,5.06184,0.125
2017-09-21T20:42:56.987280,256,4.24092,0.28125
2017-09-21T20:42:57.103590,257,4.34148,0.28125
2017-09-21T20:42:57.219398,258,4.80257,0.203125
2017-09-21T20:42:57.339718,259,3.89052,0.296875
2017-09-21T20:42:57.454022,260,4.73389,0.1875
2017-09-21T20:42:57.582363,261,4.31316,0.265625
2017-09-21T20:42:57.696166,262,4.77107,0.25
2017-09-21T20:42:57.806961,263,4.75922,0.25
2017-09-21T20:42:57.924273,264,4.64559,0.234375
2017-09-21T20:42:58.038076,265,4.70317,0.28125
2017-09-21T20:42:58.150876,266,4.05003,0.28125
2017-09-21T20:42:58.269692,267,4.4878,0.234375
2017-09-21T20:42:58.382993,268,4.3376,0.203125
2017-09-21T20:42:58.497799,269,4.29959,0.28125
2017-09-21T20:42:58.613106,270,3.55281,0.25
2017-09-21T20:42:58.725405,271,3.88478,0.3125
2017-09-21T20:42:58.841714,272,4.16455,0.1875
2017-09-21T20:42:58.952509,273,4.42766,0.265625
2017-09-21T20:42:59.069320,274,4.7765,0.21875
2017-09-21T20:42:59.180615,275,4.74325,0.28125
2017-09-21T20:42:59.289906,276,4.79652,0.21875
2017-09-21T20:42:59.403709,277,4.08769,0.265625
2017-09-21T20:42:59.516509,278,4.13666,0.25
2017-09-21T20:42:59.630312,279,4.78302,0.21875
2017-09-21T20:42:59.741107,280,4.08868,0.234375
2017-09-21T20:42:59.851400,281,4.26779,0.21875
2017-09-21T20:42:59.966707,282,4.54216,0.328125
2017-09-21T20:43:00.080510,283,4.0682,0.234375
2017-09-21T20:43:00.197320,284,5.12096,0.15625
2017-09-21T20:43:00.316638,285,5.22596,0.25
2017-09-21T20:43:00.431945,286,4.1795,0.265625
2017-09-21T20:43:00.549257,287,4.33803,0.25
2017-09-21T20:43:00.665065,288,3.80526,0.21875
2017-09-21T20:43:00.778366,289,4.07459,0.265625
2017-09-21T20:43:00.891668,290,3.90745,0.3125
2017-09-21T20:43:01.005470,291,4.0525,0.21875
2017-09-21T20:43:01.112254,292,4.53332,0.25
2017-09-21T20:43:01.227561,293,3.87635,0.328125
2017-09-21T20:43:01.336350,294,4.57253,0.203125
2017-09-21T20:43:01.451156,295,4.54404,0.1875
2017-09-21T20:43:01.566964,296,4.13931,0.21875
2017-09-21T20:43:01.681268,297,3.8142,0.203125
2017-09-21T20:43:01.798079,298,3.76626,0.21875
2017-09-21T20:43:01.913887,299,4.4163,0.25
2017-09-21T20:43:02.031701,300,3.9448,0.1875
2017-09-21T20:43:03.261472,301,4.38105,0.328125
2017-09-21T20:43:03.377782,302,3.52974,0.296875
2017-09-21T20:43:03.485569,303,4.36035,0.21875
2017-09-21T20:43:03.601878,304,4.42832,0.1875
2017-09-21T20:43:03.710668,305,3.87341,0.328125
2017-09-21T20:43:03.822966,306,4.19878,0.25
2017-09-21T20:43:03.934764,307,3.50787,0.296875
2017-09-21T20:43:04.045559,308,4.06214,0.3125
2017-09-21T20:43:04.154348,309,4.38721,0.296875
2017-09-21T20:43:04.269153,310,3.79679,0.375
2017-09-21T20:43:04.383458,311,4.30873,0.25
2017-09-21T20:43:04.500268,312,3.60453,0.34375
2017-09-21T20:43:04.615575,313,4.07976,0.21875
2017-09-21T20:43:04.731383,314,4.59391,0.203125
2017-09-21T20:43:04.846188,315,4.44503,0.265625
2017-09-21T20:43:04.954477,316,4.01958,0.28125
2017-09-21T20:43:05.065272,317,3.35592,0.3125
2017-09-21T20:43:05.180578,318,4.08082,0.25
2017-09-21T20:43:05.297890,319,4.14914,0.25
2017-09-21T20:43:05.409688,320,4.42601,0.1875
2017-09-21T20:43:05.523992,321,4.494,0.3125
2017-09-21T20:43:05.639800,322,4.87524,0.203125
2017-09-21T20:43:05.755608,323,4.27889,0.265625
2017-09-21T20:43:05.867907,324,3.69421,0.328125
2017-09-21T20:43:05.980707,325,4.93604,0.21875
2017-09-21T20:43:06.096515,326,4.35522,0.265625
2017-09-21T20:43:06.206808,327,4.67656,0.1875
2017-09-21T20:43:06.318606,328,4.19593,0.234375
2017-09-21T20:43:06.435417,329,3.51161,0.328125
2017-09-21T20:43:06.545710,330,4.25365,0.25
2017-09-21T20:43:06.660516,331,5.04554,0.171875
2017-09-21T20:43:06.775321,332,3.91108,0.25
2017-09-21T20:43:06.883108,333,4.99603,0.1875
2017-09-21T20:43:06.990895,334,3.67632,0.296875
2017-09-21T20:43:07.104196,335,4.28334,0.234375
2017-09-21T20:43:07.212985,336,5.34889,0.125
2017-09-21T20:43:07.321775,337,4.59537,0.203125
2017-09-21T20:43:07.438084,338,3.81365,0.234375
2017-09-21T20:43:07.545871,339,4.2841,0.25
2017-09-21T20:43:07.662180,340,4.07963,0.328125
2017-09-21T20:43:07.770970,341,4.31408,0.21875
2017-09-21T20:43:07.887279,342,3.8173,0.25
2017-09-21T20:43:08.006597,343,4.59649,0.203125
2017-09-21T20:43:08.120900,344,4.329,0.28125
2017-09-21T20:43:08.237712,345,4.42581,0.265625
2017-09-21T20:43:08.356026,346,3.87699,0.234375
2017-09-21T20:43:08.474341,347,4.06028,0.28125
2017-09-21T20:43:08.590149,348,3.43203,0.34375
2017-09-21T20:43:08.705456,349,4.13059,0.265625
2017-09-21T20:43:08.824773,350,4.41091,0.171875
2017-09-21T20:43:08.942085,351,3.60637,0.3125
2017-09-21T20:43:09.060902,352,4.11217,0.265625
2017-09-21T20:43:09.172699,353,4.01433,0.234375
2017-09-21T20:43:09.290513,354,4.2663,0.203125
2017-09-21T20:43:09.407323,355,3.87348,0.296875
2017-09-21T20:43:09.522630,356,4.32582,0.25
2017-09-21T20:43:09.638438,357,3.32743,0.328125
2017-09-21T20:43:09.753244,358,4.37615,0.28125
2017-09-21T20:43:09.872561,359,4.50501,0.265625
2017-09-21T20:43:09.988369,360,4.51724,0.28125
2017-09-21T20:43:10.104679,361,4.55933,0.203125
2017-09-21T20:43:10.223495,362,3.92742,0.28125
2017-09-21T20:43:10.340807,363,3.75583,0.359375
2017-09-21T20:43:10.456615,364,4.45702,0.265625
2017-09-21T20:43:10.570418,365,4.42395,0.25
2017-09-21T20:43:10.681714,366,4.14765,0.234375
2017-09-21T20:43:10.795015,367,3.82831,0.421875
2017-09-21T20:43:10.910322,368,4.76764,0.171875
2017-09-21T20:43:11.025127,369,4.23254,0.25
2017-09-21T20:43:11.138930,370,3.96157,0.25
2017-09-21T20:43:11.251229,371,3.71912,0.265625
2017-09-21T20:43:11.362024,372,4.22756,0.28125
2017-09-21T20:43:11.476829,373,4.04789,0.28125
2017-09-21T20:43:11.589128,374,4.10552,0.296875
2017-09-21T20:43:11.703432,375,4.65415,0.265625
2017-09-21T20:43:11.820243,376,4.89877,0.234375
2017-09-21T20:43:11.936051,377,3.14516,0.375
2017-09-21T20:43:12.053864,378,3.49132,0.3125
2017-09-21T20:43:12.172179,379,3.83859,0.3125
2017-09-21T20:43:12.287987,380,3.52861,0.28125
2017-09-21T20:43:12.401289,381,3.84763,0.359375
2017-09-21T20:43:12.515091,382,4.39579,0.234375
2017-09-21T20:43:12.630899,383,4.39664,0.28125
2017-09-21T20:43:12.742196,384,3.72172,0.421875
2017-09-21T20:43:12.860009,385,3.77226,0.328125
2017-09-21T20:43:12.974313,386,3.62872,0.328125
2017-09-21T20:43:13.090622,387,4.19454,0.3125
2017-09-21T20:43:13.204927,388,3.9453,0.28125
2017-09-21T20:43:13.317727,389,4.32718,0.265625
2017-09-21T20:43:13.426015,390,3.86646,0.265625
2017-09-21T20:43:13.536810,391,3.97592,0.3125
2017-09-21T20:43:13.647103,392,3.81847,0.328125
2017-09-21T20:43:13.760404,393,4.0223,0.328125
2017-09-21T20:43:13.877215,394,3.70256,0.296875
2017-09-21T20:43:13.995530,395,4.38932,0.1875
2017-09-21T20:43:14.111839,396,2.95229,0.40625
2017-09-21T20:43:14.222634,397,4.41496,0.265625
2017-09-21T20:43:14.330922,398,4.76789,0.1875
2017-09-21T20:43:14.450741,399,4.66854,0.21875
2017-09-21T20:43:14.562037,400,4.20271,0.265625
2017-09-21T20:43:15.761228,401,3.93841,0.328125
2017-09-21T20:43:15.876033,402,3.74486,0.328125
2017-09-21T20:43:15.987830,403,4.15172,0.3125
2017-09-21T20:43:16.100630,404,3.79996,0.28125
2017-09-21T20:43:16.217943,405,4.12564,0.171875
2017-09-21T20:43:16.339767,406,4.14712,0.296875
2017-09-21T20:43:16.454573,407,4.48872,0.265625
2017-09-21T20:43:16.571383,408,3.82534,0.328125
2017-09-21T20:43:16.692706,409,3.94467,0.21875
2017-09-21T20:43:16.812525,410,4.15643,0.203125
2017-09-21T20:43:16.924823,411,3.53303,0.328125
2017-09-21T20:43:17.039128,412,4.42274,0.234375
2017-09-21T20:43:17.160450,413,4.07254,0.296875
2017-09-21T20:43:17.282775,414,3.5514,0.3125
2017-09-21T20:43:17.401592,415,3.56885,0.359375
2017-09-21T20:43:17.526424,416,3.67872,0.265625
2017-09-21T20:43:17.641731,417,3.91626,0.3125
2017-09-21T20:43:17.762552,418,4.21807,0.28125
2017-09-21T20:43:17.875854,419,4.46775,0.21875
2017-09-21T20:43:17.986147,420,4.0409,0.265625
2017-09-21T20:43:18.102456,421,3.51955,0.328125
2017-09-21T20:43:19.220431,422,3.98604,0.321429
2017-09-21T20:43:19.338244,423,3.87604,0.296875
2017-09-21T20:43:19.454052,424,4.34391,0.328125
2017-09-21T20:43:19.571364,425,3.67887,0.265625
2017-09-21T20:43:19.691183,426,3.86574,0.375
2017-09-21T20:43:19.815013,427,3.20976,0.40625
2017-09-21T20:43:19.944858,428,3.52606,0.359375
2017-09-21T20:43:20.071194,429,3.17393,0.328125
2017-09-21T20:43:20.202042,430,3.1968,0.375
2017-09-21T20:43:20.325371,431,4.11358,0.25
2017-09-21T20:43:20.450704,432,3.36004,0.375
2017-09-21T20:43:20.577040,433,4.0392,0.21875
2017-09-21T20:43:20.704880,434,3.48643,0.296875
2017-09-21T20:43:20.826203,435,3.35232,0.375
2017-09-21T20:43:20.952539,436,3.41546,0.328125
2017-09-21T20:43:21.081883,437,3.40143,0.3125
2017-09-21T20:43:21.208219,438,3.17981,0.375
2017-09-21T20:43:21.337062,439,3.97075,0.25
2017-09-21T20:43:21.466406,440,4.11922,0.28125
2017-09-21T20:43:21.596252,441,3.64725,0.359375
2017-09-21T20:43:21.725094,442,3.61329,0.328125
2017-09-21T20:43:21.846918,443,3.39809,0.421875
2017-09-21T20:43:21.974257,444,3.03517,0.40625
2017-09-21T20:43:22.103100,445,3.33277,0.390625
2017-09-21T20:43:22.228433,446,3.14418,0.328125
2017-09-21T20:43:22.349756,447,3.48107,0.40625
2017-09-21T20:43:22.474588,448,3.4259,0.328125
2017-09-21T20:43:22.601426,449,3.31555,0.40625
2017-09-21T20:43:22.730268,450,3.29506,0.328125
2017-09-21T20:43:22.862621,451,3.45745,0.359375
2017-09-21T20:43:22.992968,452,3.25142,0.328125
2017-09-21T20:43:23.124317,453,3.24112,0.328125
2017-09-21T20:43:23.253160,454,4.08417,0.1875
2017-09-21T20:43:23.375485,455,3.50701,0.375
2017-09-21T20:43:23.499315,456,3.79996,0.296875
2017-09-21T20:43:23.621640,457,3.2447,0.40625
2017-09-21T20:43:23.748979,458,3.77827,0.25
2017-09-21T20:43:23.859774,459,3.83736,0.328125
2017-09-21T20:43:23.967059,460,3.90233,0.265625
2017-09-21T20:43:24.077352,461,3.81977,0.296875
2017-09-21T20:43:24.191155,462,3.41387,0.359375
2017-09-21T20:43:24.299945,463,3.28085,0.40625
2017-09-21T20:43:24.414249,464,3.83977,0.296875
2017-09-21T20:43:24.525043,465,3.59924,0.328125
2017-09-21T20:43:24.638345,466,2.98592,0.40625
2017-09-21T20:43:24.754655,467,3.22397,0.40625
2017-09-21T20:43:24.864447,468,4.07499,0.328125
2017-09-21T20:43:25.004820,469,3.36186,0.34375
2017-09-21T20:43:25.140681,470,3.85601,0.328125
2017-09-21T20:43:25.277545,471,3.80629,0.234375
2017-09-21T20:43:25.422431,472,3.41398,0.390625
2017-09-21T20:43:25.555786,473,3.84507,0.3125
2017-09-21T20:43:25.695157,474,3.03278,0.453125
2017-09-21T20:43:25.813973,475,3.39682,0.34375
2017-09-21T20:43:25.935797,476,3.33588,0.296875
2017-09-21T20:43:26.055114,477,3.65606,0.328125
2017-09-21T20:43:26.169920,478,3.65049,0.28125
2017-09-21T20:43:26.292245,479,4.02836,0.203125
2017-09-21T20:43:26.419083,480,3.4549,0.34375
2017-09-21T20:43:26.547925,481,3.35063,0.359375
2017-09-21T20:43:26.682784,482,4.30041,0.25
2017-09-21T20:43:26.813131,483,4.28855,0.171875
2017-09-21T20:43:26.958016,484,2.91596,0.453125
2017-09-21T20:43:27.084352,485,3.63054,0.328125
2017-09-21T20:43:27.207681,486,4.51695,0.234375
2017-09-21T20:43:27.326998,487,2.73722,0.390625
2017-09-21T20:43:27.449323,488,3.28704,0.328125
2017-09-21T20:43:27.574156,489,3.43423,0.359375
2017-09-21T20:43:27.686454,490,4.06606,0.296875
2017-09-21T20:43:27.799254,491,3.32494,0.296875
2017-09-21T20:43:27.912556,492,3.11342,0.4375
2017-09-21T20:43:28.025857,493,3.93715,0.359375
2017-09-21T20:43:28.140663,494,3.71591,0.3125
2017-09-21T20:43:28.255468,495,3.82184,0.3125
2017-09-21T20:43:28.370775,496,3.44454,0.25
2017-09-21T20:43:28.485079,497,3.62899,0.375
2017-09-21T20:43:28.605901,498,3.2337,0.421875
2017-09-21T20:43:28.728226,499,3.89131,0.3125
2017-09-21T20:43:28.845037,500,3.74682,0.359375
2017-09-21T20:43:30.047235,501,3.57438,0.296875
2017-09-21T20:43:30.182094,502,3.00407,0.40625
2017-09-21T20:43:30.309433,503,3.36165,0.375
2017-09-21T20:43:30.438275,504,3.66152,0.359375
2017-09-21T20:43:30.567118,505,3.38511,0.390625
2017-09-21T20:43:30.691449,506,3.75198,0.234375
2017-09-21T20:43:30.814276,507,3.15946,0.34375
2017-09-21T20:43:30.942116,508,2.82994,0.4375
2017-09-21T20:43:31.066447,509,3.39858,0.4375
2017-09-21T20:43:31.197796,510,3.55861,0.359375
2017-09-21T20:43:31.321625,511,3.48011,0.3125
2017-09-21T20:43:31.450970,512,4.04051,0.234375
2017-09-21T20:43:31.586330,513,3.87677,0.328125
2017-09-21T20:43:31.718180,514,3.42023,0.390625
2017-09-21T20:43:31.841007,515,3.44124,0.359375
2017-09-21T20:43:31.970853,516,3.23618,0.390625
2017-09-21T20:43:32.098693,517,3.66783,0.359375
2017-09-21T20:43:32.221520,518,2.97749,0.390625
2017-09-21T20:43:32.349359,519,3.37483,0.40625
2017-09-21T20:43:32.477200,520,3.06187,0.4375
2017-09-21T20:43:32.607547,521,2.93867,0.40625
2017-09-21T20:43:32.740902,522,3.29296,0.390625
2017-09-21T20:43:32.867237,523,2.88423,0.4375
2017-09-21T20:43:33.004102,524,3.6597,0.359375
2017-09-21T20:43:33.136454,525,3.57487,0.34375
2017-09-21T20:43:33.261788,526,3.89447,0.34375
2017-09-21T20:43:33.413190,527,3.15454,0.328125
2017-09-21T20:43:33.561084,528,3.33602,0.328125
2017-09-21T20:43:33.686417,529,3.00862,0.390625
2017-09-21T20:43:33.802726,530,3.00959,0.46875
2017-09-21T20:43:33.912519,531,3.55262,0.3125
2017-09-21T20:43:34.022311,532,3.19177,0.46875
2017-09-21T20:43:34.137617,533,3.80015,0.3125
2017-09-21T20:43:34.244903,534,2.84142,0.453125
2017-09-21T20:43:34.358204,535,3.80697,0.359375
2017-09-21T20:43:34.470002,536,3.06265,0.40625
2017-09-21T20:43:34.589319,537,3.45389,0.34375
2017-09-21T20:43:34.704626,538,3.32777,0.421875
2017-09-21T20:43:34.814919,539,4.13423,0.203125
2017-09-21T20:43:34.925213,540,3.70404,0.25
2017-09-21T20:43:35.038514,541,3.88695,0.265625
2017-09-21T20:43:35.154322,542,3.57908,0.390625
2017-09-21T20:43:35.263613,543,3.36185,0.28125
2017-09-21T20:43:35.376413,544,3.15566,0.34375
2017-09-21T20:43:35.491720,545,3.53964,0.28125
2017-09-21T20:43:35.606525,546,3.72994,0.34375
2017-09-21T20:43:35.714813,547,3.81368,0.296875
2017-09-21T20:43:35.827613,548,3.03209,0.390625
2017-09-21T20:43:35.936403,549,3.73466,0.296875
2017-09-21T20:43:36.045694,550,4.15761,0.28125
2017-09-21T20:43:36.160499,551,3.39781,0.359375
2017-09-21T20:43:36.269289,552,3.43397,0.3125
2017-09-21T20:43:36.377075,553,2.85073,0.359375
2017-09-21T20:43:36.491380,554,3.38878,0.359375
2017-09-21T20:43:36.600169,555,3.16034,0.375
2017-09-21T20:43:36.721492,556,3.4122,0.359375
2017-09-21T20:43:36.835294,557,4.20378,0.3125
2017-09-21T20:43:36.946591,558,3.53887,0.3125
2017-09-21T20:43:37.059391,559,3.24223,0.375
2017-09-21T20:43:37.173194,560,2.874,0.4375
2017-09-21T20:43:37.285492,561,4.43743,0.171875
2017-09-21T20:43:37.398794,562,2.85514,0.40625
2017-09-21T20:43:37.514100,563,3.42676,0.34375
2017-09-21T20:43:37.627402,564,3.96714,0.265625
2017-09-21T20:43:37.739199,565,3.35678,0.3125
2017-09-21T20:43:37.853503,566,3.33731,0.296875
2017-09-21T20:43:37.961791,567,3.24372,0.375
2017-09-21T20:43:38.076096,568,3.62527,0.40625
2017-09-21T20:43:38.187392,569,2.92756,0.359375
2017-09-21T20:43:38.298688,570,3.46141,0.28125
2017-09-21T20:43:38.404971,571,2.62595,0.453125
2017-09-21T20:43:38.519275,572,3.13662,0.375
2017-09-21T20:43:38.627061,573,3.73415,0.375
2017-09-21T20:43:38.737856,574,3.23082,0.234375
2017-09-21T20:43:38.850656,575,4.62671,0.28125
2017-09-21T20:43:38.965963,576,4.02778,0.25
2017-09-21T20:43:39.075254,577,4.10312,0.25
2017-09-21T20:43:39.190561,578,3.21716,0.359375
2017-09-21T20:43:39.305867,579,2.95689,0.453125
2017-09-21T20:43:39.424182,580,3.76932,0.3125
2017-09-21T20:43:39.534476,581,3.05142,0.46875
2017-09-21T20:43:39.649782,582,3.42767,0.328125
2017-09-21T20:43:39.758572,583,3.35766,0.296875
2017-09-21T20:43:39.871372,584,3.64184,0.3125
2017-09-21T20:43:39.986177,585,3.68647,0.40625
2017-09-21T20:43:40.104993,586,3.01798,0.421875
2017-09-21T20:43:40.219298,587,3.03923,0.34375
2017-09-21T20:43:40.333100,588,3.5185,0.34375
2017-09-21T20:43:40.453421,589,3.38514,0.421875
2017-09-21T20:43:40.568226,590,3.57595,0.28125
2017-09-21T20:43:40.685538,591,3.14191,0.390625
2017-09-21T20:43:40.795832,592,3.28825,0.34375
2017-09-21T20:43:40.912141,593,3.4062,0.375
2017-09-21T20:43:41.029954,594,3.09888,0.40625
2017-09-21T20:43:41.146264,595,2.77794,0.5
2017-09-21T20:43:41.264077,596,3.4224,0.3125
2017-09-21T20:43:41.379885,597,3.40459,0.40625
2017-09-21T20:43:41.494691,598,3.70342,0.25
2017-09-21T20:43:41.612504,599,3.50528,0.34375
2017-09-21T20:43:41.729315,600,3.17315,0.28125
2017-09-21T20:43:42.945049,601,3.39232,0.34375
2017-09-21T20:43:43.060356,602,3.17496,0.421875
2017-09-21T20:43:43.175161,603,3.6671,0.296875
2017-09-21T20:43:43.287962,604,3.73103,0.40625
2017-09-21T20:43:43.402265,605,2.56471,0.484375
2017-09-21T20:43:43.516069,606,3.19212,0.359375
2017-09-21T20:43:43.632378,607,3.41902,0.328125
2017-09-21T20:43:43.741669,608,3.47612,0.265625
2017-09-21T20:43:43.854469,609,3.40935,0.296875
2017-09-21T20:43:43.967269,610,3.4627,0.375
2017-09-21T20:43:44.082074,611,3.19653,0.390625
2017-09-21T20:43:44.197381,612,3.83759,0.296875
2017-09-21T20:43:44.306672,613,3.50365,0.359375
2017-09-21T20:43:44.419973,614,3.52733,0.359375
2017-09-21T20:43:44.536283,615,3.35096,0.359375
2017-09-21T20:43:44.652592,616,3.0695,0.484375
2017-09-21T20:43:44.761883,617,3.44922,0.328125
2017-09-21T20:43:44.872678,618,3.28824,0.40625
2017-09-21T20:43:44.987985,619,3.27537,0.375
2017-09-21T20:43:45.101286,620,3.05493,0.484375
2017-09-21T20:43:45.217094,621,3.51649,0.328125
2017-09-21T20:43:45.327387,622,3.43608,0.359375
2017-09-21T20:43:45.439686,623,3.41952,0.359375
2017-09-21T20:43:45.550481,624,3.42747,0.390625
2017-09-21T20:43:45.665788,625,2.93481,0.375
2017-09-21T20:43:45.777585,626,3.17782,0.375
2017-09-21T20:43:45.892892,627,3.01809,0.46875
2017-09-21T20:43:46.007697,628,3.35913,0.390625
2017-09-21T20:43:46.120498,629,3.50354,0.296875
2017-09-21T20:43:46.232796,630,3.85596,0.296875
2017-09-21T20:43:46.344092,631,3.05231,0.328125
2017-09-21T20:43:46.458396,632,3.51101,0.34375
2017-09-21T20:43:46.572701,633,3.44065,0.40625
2017-09-21T20:43:46.682492,634,2.66674,0.484375
2017-09-21T20:43:46.798802,635,3.35703,0.375
2017-09-21T20:43:46.908594,636,3.37451,0.390625
2017-09-21T20:43:47.021896,637,3.12822,0.359375
2017-09-21T20:43:47.135698,638,3.20193,0.40625
2017-09-21T20:43:47.247496,639,3.60831,0.34375
2017-09-21T20:43:47.365810,640,3.64378,0.296875
2017-09-21T20:43:47.487133,641,3.38386,0.390625
2017-09-21T20:43:47.597928,642,3.67676,0.34375
2017-09-21T20:43:47.713736,643,3.71333,0.375
2017-09-21T20:43:47.825534,644,3.82657,0.328125
2017-09-21T20:43:47.940339,645,3.42112,0.28125
2017-09-21T20:43:48.057651,646,3.37061,0.390625
2017-09-21T20:43:48.173459,647,2.98365,0.40625
2017-09-21T20:43:48.283252,648,3.74319,0.359375
2017-09-21T20:43:48.391539,649,3.11266,0.40625
2017-09-21T20:43:48.508350,650,3.267,0.328125
2017-09-21T20:43:48.622153,651,3.07752,0.390625
2017-09-21T20:43:48.731945,652,3.46079,0.3125
2017-09-21T20:43:48.846249,653,3.79958,0.234375
2017-09-21T20:43:48.956041,654,3.27997,0.390625
2017-09-21T20:43:49.068841,655,2.7642,0.4375
2017-09-21T20:43:49.183647,656,3.73637,0.34375
2017-09-21T20:43:49.301962,657,2.62967,0.484375
2017-09-21T20:43:49.417770,658,3.10464,0.359375
2017-09-21T20:43:49.528565,659,3.3403,0.265625
2017-09-21T20:43:49.647381,660,3.33453,0.28125
2017-09-21T20:43:49.761685,661,3.43767,0.390625
2017-09-21T20:43:49.870474,662,2.96712,0.390625
2017-09-21T20:43:49.987786,663,3.06524,0.390625
2017-09-21T20:43:50.099082,664,3.92908,0.265625
2017-09-21T20:43:50.208874,665,3.41027,0.359375
2017-09-21T20:43:50.322176,666,3.37374,0.40625
2017-09-21T20:43:50.435477,667,3.30091,0.421875
2017-09-21T20:43:50.545771,668,3.28887,0.421875
2017-09-21T20:43:50.659072,669,3.40401,0.390625
2017-09-21T20:43:50.769867,670,3.46055,0.34375
2017-09-21T20:43:50.879158,671,3.66843,0.40625
2017-09-21T20:43:50.993462,672,3.08574,0.375
2017-09-21T20:43:51.109270,673,3.45062,0.375
2017-09-21T20:43:51.226081,674,3.31389,0.3125
2017-09-21T20:43:51.340886,675,3.44085,0.359375
2017-09-21T20:43:51.456695,676,3.00144,0.453125
2017-09-21T20:43:51.568993,677,3.24555,0.34375
2017-09-21T20:43:51.686806,678,2.95754,0.375
2017-09-21T20:43:51.795596,679,3.3762,0.265625
2017-09-21T20:43:51.903383,680,3.41725,0.40625
2017-09-21T20:43:52.017185,681,3.37252,0.34375
2017-09-21T20:43:52.132994,682,3.21476,0.40625
2017-09-21T20:43:52.254316,683,3.69041,0.390625
2017-09-21T20:43:52.374135,684,3.44827,0.28125
2017-09-21T20:43:52.487938,685,3.61576,0.34375
2017-09-21T20:43:52.606253,686,3.20773,0.421875
2017-09-21T20:43:52.720557,687,2.96436,0.40625
2017-09-21T20:43:52.835362,688,3.12459,0.390625
2017-09-21T20:43:52.955682,689,3.68228,0.328125
2017-09-21T20:43:53.072493,690,2.93041,0.421875
2017-09-21T20:43:53.184792,691,3.21802,0.375
2017-09-21T20:43:53.302104,692,2.87742,0.4375
2017-09-21T20:43:53.419416,693,3.62858,0.3125
2017-09-21T20:43:53.533720,694,3.24005,0.453125
2017-09-21T20:43:53.648525,695,3.68616,0.3125
2017-09-21T20:43:53.763832,696,3.73424,0.421875
2017-09-21T20:43:53.877134,697,3.93,0.25
2017-09-21T20:43:53.994947,698,3.0625,0.359375
2017-09-21T20:43:54.105742,699,3.17812,0.28125
2017-09-21T20:43:54.222051,700,3.12912,0.375
2017-09-21T20:43:55.548581,701,4.5744,0.25
2017-09-21T20:43:55.657370,702,3.36358,0.3125
2017-09-21T20:43:55.767663,703,3.19506,0.390625
2017-09-21T20:43:55.882970,704,3.15215,0.328125
2017-09-21T20:43:55.996272,705,4.17366,0.296875
2017-09-21T20:43:56.106064,706,3.48684,0.3125
2017-09-21T20:43:56.221370,707,3.06174,0.390625
2017-09-21T20:43:56.333168,708,3.74692,0.296875
2017-09-21T20:43:56.448976,709,3.59945,0.265625
2017-09-21T20:43:56.565285,710,2.9074,0.359375
2017-09-21T20:43:56.677083,711,3.28206,0.34375
2017-09-21T20:43:56.791387,712,3.77695,0.34375
2017-09-21T20:43:56.900176,713,4.17951,0.28125
2017-09-21T20:43:57.014982,714,3.68611,0.28125
2017-09-21T20:43:57.129787,715,3.33572,0.390625
2017-09-21T20:43:57.241585,716,4.04233,0.296875
2017-09-21T20:43:57.357894,717,3.29748,0.328125
2017-09-21T20:43:57.472699,718,3.62047,0.28125
2017-09-21T20:43:57.581990,719,3.9264,0.265625
2017-09-21T20:43:57.694289,720,3.61984,0.34375
2017-09-21T20:43:57.809596,721,2.86595,0.421875
2017-09-21T20:43:57.924401,722,2.82329,0.46875
2017-09-21T20:43:58.040209,723,3.18902,0.40625
2017-09-21T20:43:58.150001,724,3.3686,0.375
2017-09-21T20:43:58.262300,725,2.92537,0.453125
2017-09-21T20:43:58.371090,726,3.58528,0.296875
2017-09-21T20:43:58.483890,727,2.99246,0.34375
2017-09-21T20:43:58.597191,728,3.39125,0.46875
2017-09-21T20:43:58.709992,729,3.0455,0.359375
2017-09-21T20:43:58.821287,730,3.42837,0.40625
2017-09-21T20:43:58.933085,731,3.63276,0.234375
2017-09-21T20:43:59.047389,732,3.36304,0.328125
2017-09-21T20:43:59.154674,733,3.27829,0.40625
2017-09-21T20:43:59.265469,734,3.31642,0.34375
2017-09-21T20:43:59.376765,735,3.37288,0.34375
2017-09-21T20:43:59.487059,736,3.00734,0.3125
2017-09-21T20:43:59.598355,737,3.56103,0.34375
2017-09-21T20:43:59.708147,738,3.09051,0.34375
2017-09-21T20:43:59.816936,739,2.91124,0.359375
2017-09-21T20:43:59.930739,740,3.23824,0.359375
2017-09-21T20:44:00.043539,741,3.37803,0.453125
2017-09-21T20:44:00.152328,742,3.35853,0.328125
2017-09-21T20:44:00.265630,743,3.45503,0.3125
2017-09-21T20:44:00.373918,744,3.36912,0.328125
2017-09-21T20:44:00.485716,745,3.91227,0.296875
2017-09-21T20:44:00.599017,746,3.36178,0.390625
2017-09-21T20:44:00.713321,747,3.38947,0.296875
2017-09-21T20:44:00.827625,748,2.70194,0.46875
2017-09-21T20:44:00.938420,749,4.11575,0.28125
2017-09-21T20:44:01.051721,750,3.02065,0.40625
2017-09-21T20:44:01.160010,751,3.68433,0.34375
2017-09-21T20:44:01.273812,752,3.26768,0.484375
2017-09-21T20:44:01.386111,753,3.098,0.390625
2017-09-21T20:44:01.498410,754,3.69774,0.359375
2017-09-21T20:44:01.612213,755,3.7535,0.34375
2017-09-21T20:44:01.721002,756,2.73236,0.390625
2017-09-21T20:44:01.832298,757,3.28205,0.28125
2017-09-21T20:44:01.944597,758,3.27186,0.453125
2017-09-21T20:44:02.058901,759,3.10187,0.40625
2017-09-21T20:44:02.173706,760,3.76979,0.296875
2017-09-21T20:44:02.281493,761,3.5894,0.328125
2017-09-21T20:44:02.395296,762,3.99023,0.203125
2017-09-21T20:44:02.504085,763,2.89751,0.453125
2017-09-21T20:44:02.616384,764,3.59265,0.328125
2017-09-21T20:44:02.723168,765,3.3274,0.3125
2017-09-21T20:44:02.838475,766,2.91896,0.375
2017-09-21T20:44:02.948267,767,3.86787,0.28125
2017-09-21T20:44:03.064075,768,2.86207,0.40625
2017-09-21T20:44:03.178881,769,3.07216,0.375
2017-09-21T20:44:03.292683,770,3.6436,0.34375
2017-09-21T20:44:03.405985,771,3.65746,0.296875
2017-09-21T20:44:03.517782,772,3.08148,0.390625
2017-09-21T20:44:03.635095,773,3.22403,0.4375
2017-09-21T20:44:03.747894,774,3.4075,0.359375
2017-09-21T20:44:03.861196,775,3.13049,0.328125
2017-09-21T20:44:03.976503,776,3.73342,0.3125
2017-09-21T20:44:04.083788,777,3.85272,0.265625
2017-09-21T20:44:04.194583,778,3.58883,0.359375
2017-09-21T20:44:04.307884,779,3.90912,0.28125
2017-09-21T20:44:04.423191,780,3.17003,0.421875
2017-09-21T20:44:04.539500,781,3.52241,0.34375
2017-09-21T20:44:04.650797,782,2.58134,0.484375
2017-09-21T20:44:04.760589,783,4.10909,0.25
2017-09-21T20:44:04.874893,784,3.51374,0.28125
2017-09-21T20:44:04.986189,785,3.79008,0.359375
2017-09-21T20:44:05.099490,786,3.32659,0.28125
2017-09-21T20:44:05.214797,787,3.226,0.359375
2017-09-21T20:44:05.328099,788,3.62028,0.328125
2017-09-21T20:44:05.442403,789,3.41947,0.390625
2017-09-21T20:44:05.551693,790,3.13567,0.40625
2017-09-21T20:44:05.664493,791,2.58894,0.484375
2017-09-21T20:44:05.779800,792,3.17225,0.25
2017-09-21T20:44:05.890094,793,3.48563,0.390625
2017-09-21T20:44:06.004899,794,3.28096,0.3125
2017-09-21T20:44:06.115694,795,3.06629,0.390625
2017-09-21T20:44:06.231001,796,2.91405,0.40625
2017-09-21T20:44:06.339790,797,2.75525,0.46875
2017-09-21T20:44:06.451587,798,3.29385,0.296875
2017-09-21T20:44:06.584441,799,3.2161,0.40625
2017-09-21T20:44:06.692729,800,3.44292,0.390625
2017-09-21T20:44:07.845296,801,3.1914,0.375
2017-09-21T20:44:07.959098,802,3.35449,0.328125
2017-09-21T20:44:08.074906,803,4.08089,0.28125
2017-09-21T20:44:08.188709,804,3.86057,0.3125
2017-09-21T20:44:08.298000,805,3.45063,0.3125
2017-09-21T20:44:08.406789,806,2.93594,0.484375
2017-09-21T20:44:08.523099,807,3.68303,0.359375
2017-09-21T20:44:08.635398,808,2.62861,0.46875
2017-09-21T20:44:08.752209,809,3.41303,0.328125
2017-09-21T20:44:08.864507,810,3.88764,0.328125
2017-09-21T20:44:08.977808,811,3.4859,0.375
2017-09-21T20:44:09.086096,812,2.98661,0.4375
2017-09-21T20:44:09.195387,813,3.81224,0.3125
2017-09-21T20:44:09.309190,814,4.24655,0.1875
2017-09-21T20:44:09.422492,815,3.27494,0.359375
2017-09-21T20:44:09.532284,816,2.77748,0.453125
2017-09-21T20:44:09.639569,817,2.8627,0.453125
2017-09-21T20:44:09.749361,818,3.05426,0.390625
2017-09-21T20:44:09.864167,819,3.31655,0.359375
2017-09-21T20:44:09.976967,820,3.10838,0.40625
2017-09-21T20:44:10.086258,821,3.46461,0.296875
2017-09-21T20:44:10.199058,822,3.52929,0.296875
2017-09-21T20:44:10.308850,823,3.12081,0.46875
2017-09-21T20:44:10.416636,824,2.89624,0.375
2017-09-21T20:44:10.524925,825,3.41277,0.3125
2017-09-21T20:44:10.632210,826,3.66015,0.328125
2017-09-21T20:44:10.746013,827,2.95114,0.40625
2017-09-21T20:44:10.859816,828,3.28459,0.4375
2017-09-21T20:44:10.972616,829,2.99704,0.40625
2017-09-21T20:44:11.082408,830,3.1329,0.359375
2017-09-21T20:44:11.189693,831,2.87081,0.46875
2017-09-21T20:44:11.307005,832,3.45161,0.296875
2017-09-21T20:44:11.419805,833,3.08844,0.375
2017-09-21T20:44:11.530099,834,3.33186,0.328125
2017-09-21T20:44:11.642899,835,3.0423,0.34375
2017-09-21T20:44:11.752691,836,3.10584,0.40625
2017-09-21T20:44:11.865992,837,3.11807,0.453125
2017-09-21T20:44:11.973278,838,3.32426,0.375
2017-09-21T20:44:12.081566,839,3.35305,0.296875
2017-09-21T20:44:12.190356,840,3.30539,0.4375
2017-09-21T20:44:12.299646,841,2.52354,0.421875
2017-09-21T20:44:12.410942,842,3.4801,0.328125
2017-09-21T20:44:12.521737,843,3.44433,0.296875
2017-09-21T20:44:12.633033,844,3.08299,0.267857
2017-09-21T20:44:12.744831,845,3.00311,0.375
2017-09-21T20:44:12.858132,846,2.8538,0.40625
2017-09-21T20:44:12.965919,847,2.08089,0.53125
2017-09-21T20:44:13.080223,848,3.42719,0.34375
2017-09-21T20:44:13.189012,849,2.63164,0.421875
2017-09-21T20:44:13.302815,850,2.57107,0.484375
2017-09-21T20:44:13.418122,851,2.53383,0.40625
2017-09-21T20:44:13.528415,852,2.69356,0.4375
2017-09-21T20:44:13.640714,853,2.80241,0.4375
2017-09-21T20:44:13.749002,854,2.65629,0.453125
2017-09-21T20:44:13.862805,855,2.66516,0.4375
2017-09-21T20:44:13.977611,856,2.30814,0.515625
2017-09-21T20:44:14.092416,857,3.09174,0.375
2017-09-21T20:44:14.206219,858,2.84233,0.375
2017-09-21T20:44:14.322528,859,2.65324,0.4375
2017-09-21T20:44:14.440843,860,2.55507,0.5625
2017-09-21T20:44:14.555147,861,2.62657,0.421875
2017-09-21T20:44:14.663937,862,2.2712,0.515625
2017-09-21T20:44:14.776736,863,3.10205,0.34375
2017-09-21T20:44:14.889536,864,2.25746,0.515625
2017-09-21T20:44:15.005344,865,2.64141,0.453125
2017-09-21T20:44:15.124161,866,2.39074,0.546875
2017-09-21T20:44:15.242475,867,2.41206,0.46875
2017-09-21T20:44:15.357281,868,2.58779,0.484375
2017-09-21T20:44:15.474092,869,2.5675,0.40625
2017-09-21T20:44:15.582881,870,2.55291,0.4375
2017-09-21T20:44:15.699190,871,2.9341,0.40625
2017-09-21T20:44:15.809484,872,3.03893,0.40625
2017-09-21T20:44:15.917271,873,2.45216,0.453125
2017-09-21T20:44:16.032076,874,2.57164,0.484375
2017-09-21T20:44:16.148386,875,2.65895,0.421875
2017-09-21T20:44:16.264695,876,2.87705,0.4375
2017-09-21T20:44:16.378999,877,2.64581,0.515625
2017-09-21T20:44:16.494807,878,3.19572,0.390625
2017-09-21T20:44:16.609613,879,2.43912,0.484375
2017-09-21T20:44:16.722914,880,3.12518,0.390625
2017-09-21T20:44:16.840226,881,2.32304,0.453125
2017-09-21T20:44:16.954530,882,2.43963,0.53125
2017-09-21T20:44:17.064824,883,2.23414,0.484375
2017-09-21T20:44:17.172610,884,2.83227,0.40625
2017-09-21T20:44:17.288920,885,2.79247,0.453125
2017-09-21T20:44:17.397208,886,2.90773,0.40625
2017-09-21T20:44:17.511512,887,2.63874,0.5
2017-09-21T20:44:17.626819,888,2.41642,0.515625
2017-09-21T20:44:17.740622,889,2.86891,0.4375
2017-09-21T20:44:17.849913,890,2.88568,0.4375
2017-09-21T20:44:17.957699,891,2.42334,0.46875
2017-09-21T20:44:18.066488,892,3.68706,0.34375
2017-09-21T20:44:18.173774,893,2.65633,0.421875
2017-09-21T20:44:18.283065,894,3.00148,0.421875
2017-09-21T20:44:18.396867,895,2.29547,0.46875
2017-09-21T20:44:18.512174,896,2.90362,0.359375
2017-09-21T20:44:18.627982,897,3.00379,0.359375
2017-09-21T20:44:18.743290,898,2.73057,0.4375
2017-09-21T20:44:18.856089,899,2.57981,0.46875
2017-09-21T20:44:18.971897,900,3.31221,0.390625
2017-09-21T20:44:20.174597,901,2.71665,0.359375
2017-09-21T20:44:20.289403,902,2.61521,0.359375
2017-09-21T20:44:20.404208,903,3.1084,0.390625
2017-09-21T20:44:20.518011,904,2.42042,0.53125
2017-09-21T20:44:20.633318,905,2.66628,0.5
2017-09-21T20:44:20.746619,906,2.66246,0.390625
2017-09-21T20:44:20.855409,907,2.24415,0.515625
2017-09-21T20:44:20.967707,908,2.11516,0.46875
2017-09-21T20:44:21.082011,909,2.63178,0.5
2017-09-21T20:44:21.192806,910,2.95336,0.375
2017-09-21T20:44:21.302097,911,2.60079,0.4375
2017-09-21T20:44:21.413393,912,2.80417,0.4375
2017-09-21T20:44:21.526193,913,2.49676,0.46875
2017-09-21T20:44:21.640999,914,2.4829,0.5
2017-09-21T20:44:21.755804,915,2.7133,0.390625
2017-09-21T20:44:21.864092,916,2.64765,0.453125
2017-09-21T20:44:21.977393,917,2.74186,0.390625
2017-09-21T20:44:22.095708,918,2.58314,0.4375
2017-09-21T20:44:22.210514,919,2.42172,0.453125
2017-09-21T20:44:22.319303,920,2.92543,0.421875
2017-09-21T20:44:22.436114,921,2.53251,0.484375
2017-09-21T20:44:22.543901,922,3.00143,0.4375
2017-09-21T20:44:22.683773,923,2.71365,0.390625
2017-09-21T20:44:22.797576,924,2.62419,0.46875
2017-09-21T20:44:22.908370,925,2.7329,0.453125
2017-09-21T20:44:23.028189,926,3.08418,0.46875
2017-09-21T20:44:23.146003,927,3.00373,0.359375
2017-09-21T20:44:23.266322,928,2.83289,0.421875
2017-09-21T20:44:23.380627,929,3.15508,0.3125
2017-09-21T20:44:23.490419,930,2.88775,0.328125
2017-09-21T20:44:23.600211,931,2.41769,0.484375
2017-09-21T20:44:23.714014,932,2.72551,0.515625
2017-09-21T20:44:23.822302,933,2.57605,0.453125
2017-09-21T20:44:23.942121,934,3.57797,0.296875
2017-09-21T20:44:24.057428,935,2.46462,0.578125
2017-09-21T20:44:24.177246,936,3.29237,0.328125
2017-09-21T20:44:24.296062,937,2.77052,0.4375
2017-09-21T20:44:24.411871,938,1.91441,0.625
2017-09-21T20:44:24.532190,939,2.57657,0.4375
2017-09-21T20:44:24.644489,940,2.58741,0.453125
2017-09-21T20:44:24.767316,941,2.65819,0.453125
2017-09-21T20:44:24.889641,942,2.96719,0.4375
2017-09-21T20:44:25.001940,943,3.35056,0.390625
2017-09-21T20:44:25.113236,944,2.51392,0.484375
2017-09-21T20:44:25.230047,945,2.7398,0.390625
2017-09-21T20:44:25.343850,946,2.96028,0.421875
2017-09-21T20:44:25.463167,947,2.07334,0.5
2017-09-21T20:44:25.577973,948,2.39194,0.46875
2017-09-21T20:44:25.692277,949,2.91243,0.46875
2017-09-21T20:44:25.811093,950,2.85986,0.46875
2017-09-21T20:44:25.930912,951,3.22785,0.328125
2017-09-21T20:44:26.046218,952,2.71007,0.46875
2017-09-21T20:44:26.159018,953,3.05677,0.328125
2017-09-21T20:44:26.275829,954,2.75516,0.390625
2017-09-21T20:44:26.393643,955,3.20912,0.34375
2017-09-21T20:44:26.507446,956,2.85198,0.375
2017-09-21T20:44:26.628768,957,2.64712,0.484375
2017-09-21T20:44:26.746081,958,2.71262,0.484375
2017-09-21T20:44:26.859883,959,2.97652,0.3125
2017-09-21T20:44:26.978198,960,2.764,0.359375
2017-09-21T20:44:27.090497,961,2.30706,0.5
2017-09-21T20:44:27.208812,962,2.72852,0.40625
2017-09-21T20:44:27.327126,963,2.7863,0.375
2017-09-21T20:44:27.444940,964,2.75498,0.390625
2017-09-21T20:44:27.561751,965,2.67061,0.5
2017-09-21T20:44:27.680567,966,2.91123,0.390625
2017-09-21T20:44:27.791863,967,3.15765,0.390625
2017-09-21T20:44:27.915692,968,3.16224,0.359375
2017-09-21T20:44:28.038519,969,2.8634,0.46875
2017-09-21T20:44:28.158839,970,2.55802,0.484375
2017-09-21T20:44:28.278157,971,2.59543,0.484375
2017-09-21T20:44:28.387949,972,2.48572,0.453125
2017-09-21T20:44:28.505261,973,2.99419,0.390625
2017-09-21T20:44:28.621069,974,2.75645,0.453125
2017-09-21T20:44:28.737879,975,2.72926,0.34375
2017-09-21T20:44:28.853186,976,2.74048,0.359375
2017-09-21T20:44:28.970498,977,2.79219,0.421875
2017-09-21T20:44:29.087309,978,2.34864,0.46875
2017-09-21T20:44:29.202115,979,2.51808,0.40625
2017-09-21T20:44:29.317421,980,2.27026,0.5
2017-09-21T20:44:29.432227,981,3.04905,0.359375
2017-09-21T20:44:29.552547,982,2.50694,0.515625
2017-09-21T20:44:29.672366,983,2.60555,0.484375
2017-09-21T20:44:29.791683,984,2.47825,0.453125
2017-09-21T20:44:29.914009,985,2.27547,0.578125
2017-09-21T20:44:30.033326,986,3.01374,0.359375
2017-09-21T20:44:30.151139,987,2.83491,0.421875
2017-09-21T20:44:30.272964,988,2.52473,0.484375
2017-09-21T20:44:30.390276,989,3.16465,0.359375
2017-09-21T20:44:30.506585,990,2.64465,0.40625
2017-09-21T20:44:30.620889,991,2.8298,0.453125
2017-09-21T20:44:30.741711,992,2.95212,0.359375
2017-09-21T20:44:30.864036,993,2.51049,0.546875
2017-09-21T20:44:30.984858,994,2.47869,0.484375
2017-09-21T20:44:31.108687,995,2.31877,0.5
2017-09-21T20:44:31.225999,996,3.15251,0.328125
2017-09-21T20:44:31.343813,997,3.08697,0.4375
2017-09-21T20:44:31.458618,998,2.69913,0.484375
2017-09-21T20:44:31.576431,999,2.92504,0.328125
2017-09-21T20:44:31.693744,1000,2.50888,0.5
2017-09-21T20:44:33.039323,1001,3.44592,0.328125
2017-09-21T20:44:33.153627,1002,3.17116,0.375
2017-09-21T20:44:33.267931,1003,2.83548,0.4375
2017-09-21T20:44:33.376721,1004,2.76727,0.390625
2017-09-21T20:44:33.486513,1005,2.87177,0.40625
2017-09-21T20:44:33.599815,1006,2.55893,0.421875
2017-09-21T20:44:33.716625,1007,2.61188,0.484375
2017-09-21T20:44:33.831932,1008,2.72717,0.484375
2017-09-21T20:44:33.942226,1009,2.86285,0.421875
2017-09-21T20:44:34.057532,1010,2.48509,0.484375
2017-09-21T20:44:34.170332,1011,3.05435,0.4375
2017-09-21T20:44:34.285639,1012,2.72967,0.4375
2017-09-21T20:44:34.400946,1013,2.82869,0.46875
2017-09-21T20:44:34.513746,1014,2.54338,0.421875
2017-09-21T20:44:34.627047,1015,3.13572,0.390625
2017-09-21T20:44:34.741853,1016,3.25317,0.390625
2017-09-21T20:44:34.850141,1017,2.63058,0.390625
2017-09-21T20:44:34.964445,1018,3.01051,0.328125
2017-09-21T20:44:35.078749,1019,2.65881,0.5
2017-09-21T20:44:35.193555,1020,3.04493,0.453125
2017-09-21T20:44:35.302344,1021,2.67081,0.375
2017-09-21T20:44:35.419656,1022,2.64109,0.421875
2017-09-21T20:44:35.537971,1023,2.83487,0.34375
2017-09-21T20:44:35.652776,1024,2.83137,0.40625
2017-09-21T20:44:35.766579,1025,3.15954,0.34375
2017-09-21T20:44:35.882387,1026,2.4809,0.5
2017-09-21T20:44:35.996691,1027,2.77338,0.390625
2017-09-21T20:44:36.104980,1028,2.37501,0.40625
2017-09-21T20:44:36.219284,1029,2.6689,0.421875
2017-09-21T20:44:36.331583,1030,2.27767,0.546875
2017-09-21T20:44:36.446388,1031,2.60614,0.53125
2017-09-21T20:44:36.559188,1032,3.17145,0.359375
2017-09-21T20:44:36.669481,1033,2.57013,0.421875
2017-09-21T20:44:36.782281,1034,2.89241,0.328125
2017-09-21T20:44:36.893578,1035,2.88972,0.484375
2017-09-21T20:44:37.001364,1036,2.88309,0.375
2017-09-21T20:44:37.116671,1037,2.57643,0.453125
2017-09-21T20:44:37.232479,1038,2.77918,0.46875
2017-09-21T20:44:37.346282,1039,3.23397,0.4375
2017-09-21T20:44:37.459082,1040,3.10669,0.40625
2017-09-21T20:44:37.567872,1041,2.44138,0.453125
2017-09-21T20:44:37.681674,1042,2.99561,0.421875
2017-09-21T20:44:37.793471,1043,2.62884,0.375
2017-09-21T20:44:37.906773,1044,2.97807,0.375
2017-09-21T20:44:38.019072,1045,2.93513,0.40625
2017-09-21T20:44:38.135381,1046,2.88109,0.390625
2017-09-21T20:44:38.251691,1047,3.01828,0.40625
2017-09-21T20:44:38.368501,1048,3.40394,0.328125
2017-09-21T20:44:38.476790,1049,2.43471,0.484375
2017-09-21T20:44:38.589590,1050,3.36066,0.34375
2017-09-21T20:44:38.705899,1051,3.09898,0.359375
2017-09-21T20:44:38.820704,1052,2.79048,0.359375
2017-09-21T20:44:38.932001,1053,3.02037,0.359375
2017-09-21T20:44:39.047308,1054,3.17487,0.390625
2017-09-21T20:44:39.158102,1055,3.1688,0.296875
2017-09-21T20:44:39.268395,1056,2.83741,0.375
2017-09-21T20:44:39.385708,1057,2.6585,0.375
2017-09-21T20:44:39.500012,1058,2.81395,0.421875
2017-09-21T20:44:39.618828,1059,2.38133,0.484375
2017-09-21T20:44:39.738647,1060,2.81831,0.4375
2017-09-21T20:44:39.857964,1061,3.56519,0.34375
2017-09-21T20:44:39.977281,1062,2.47094,0.421875
2017-09-21T20:44:40.091084,1063,2.72541,0.4375
2017-09-21T20:44:40.204887,1064,3.26535,0.46875
2017-09-21T20:44:40.321196,1065,3.24471,0.34375
2017-09-21T20:44:40.436002,1066,2.77837,0.390625
2017-09-21T20:44:40.549805,1067,2.84893,0.421875
2017-09-21T20:44:40.660098,1068,2.53024,0.4375
2017-09-21T20:44:40.770392,1069,2.59562,0.390625
2017-09-21T20:44:40.885698,1070,2.78945,0.484375
2017-09-21T20:44:41.002509,1071,2.30671,0.46875
2017-09-21T20:44:41.117816,1072,2.87913,0.40625
2017-09-21T20:44:41.231619,1073,2.05897,0.546875
2017-09-21T20:44:41.340910,1074,2.70698,0.40625
2017-09-21T20:44:41.454211,1075,2.54057,0.4375
2017-09-21T20:44:41.570520,1076,3.13372,0.34375
2017-09-21T20:44:41.683822,1077,2.6999,0.46875
2017-09-21T20:44:41.801134,1078,2.83431,0.453125
2017-09-21T20:44:41.909422,1079,2.7739,0.359375
2017-09-21T20:44:42.018713,1080,2.27602,0.484375
2017-09-21T20:44:42.135523,1081,2.91475,0.4375
2017-09-21T20:44:42.245316,1082,2.45857,0.46875
2017-09-21T20:44:42.358617,1083,2.82051,0.40625
2017-09-21T20:44:42.467908,1084,2.28981,0.515625
2017-09-21T20:44:42.583215,1085,2.15705,0.46875
2017-09-21T20:44:42.693007,1086,2.75334,0.5
2017-09-21T20:44:42.807311,1087,2.5468,0.5
2017-09-21T20:44:42.916602,1088,2.69088,0.375
2017-09-21T20:44:43.030906,1089,2.10979,0.46875
2017-09-21T20:44:43.145210,1090,2.64427,0.46875
2017-09-21T20:44:43.263023,1091,2.51619,0.53125
2017-09-21T20:44:43.375823,1092,2.67914,0.390625
2017-09-21T20:44:43.486618,1093,2.87366,0.40625
2017-09-21T20:44:43.596911,1094,2.85466,0.421875
2017-09-21T20:44:43.708207,1095,3.35387,0.328125
2017-09-21T20:44:43.818000,1096,2.22506,0.46875
2017-09-21T20:44:43.932304,1097,2.79887,0.515625
2017-09-21T20:44:44.042096,1098,2.33719,0.484375
2017-09-21T20:44:44.155899,1099,2.53648,0.46875
2017-09-21T20:44:44.273712,1100,2.43612,0.484375
2017-09-21T20:44:45.416753,1101,3.17884,0.34375
2017-09-21T20:44:45.529052,1102,2.40754,0.4375
2017-09-21T20:44:45.639846,1103,3.23004,0.3125
2017-09-21T20:44:45.749137,1104,3.02742,0.296875
2017-09-21T20:44:45.859431,1105,2.41037,0.4375
2017-09-21T20:44:45.974738,1106,2.46475,0.421875
2017-09-21T20:44:46.087538,1107,2.98744,0.375
2017-09-21T20:44:46.196327,1108,2.87598,0.40625
2017-09-21T20:44:46.310631,1109,2.27306,0.484375
2017-09-21T20:44:46.420423,1110,2.57466,0.53125
2017-09-21T20:44:46.529714,1111,2.32598,0.484375
2017-09-21T20:44:46.642013,1112,3.5304,0.421875
2017-09-21T20:44:46.755314,1113,2.46187,0.484375
2017-09-21T20:44:46.868114,1114,3.20979,0.375
2017-09-21T20:44:46.980914,1115,3.02823,0.40625
2017-09-21T20:44:47.090205,1116,2.56127,0.421875
2017-09-21T20:44:47.199997,1117,3.46083,0.359375
2017-09-21T20:44:47.315304,1118,2.50599,0.5
2017-09-21T20:44:47.425096,1119,2.79122,0.453125
2017-09-21T20:44:47.541406,1120,2.74035,0.453125
2017-09-21T20:44:47.647688,1121,3.32784,0.3125
2017-09-21T20:44:47.760990,1122,2.87141,0.359375
2017-09-21T20:44:47.874291,1123,2.87897,0.34375
2017-09-21T20:44:47.988094,1124,2.26364,0.46875
2017-09-21T20:44:48.102899,1125,2.77549,0.40625
2017-09-21T20:44:48.216201,1126,2.57969,0.515625
2017-09-21T20:44:48.331007,1127,2.65264,0.40625
2017-09-21T20:44:48.442804,1128,2.84086,0.40625
2017-09-21T20:44:48.549086,1129,2.57977,0.4375
2017-09-21T20:44:48.662388,1130,2.84594,0.453125
2017-09-21T20:44:48.775188,1131,2.55619,0.46875
2017-09-21T20:44:48.887988,1132,2.76355,0.484375
2017-09-21T20:44:48.996276,1133,2.69195,0.53125
2017-09-21T20:44:49.105066,1134,3.47736,0.34375
2017-09-21T20:44:49.217365,1135,3.08887,0.359375
2017-09-21T20:44:49.331669,1136,2.66402,0.515625
2017-09-21T20:44:49.438954,1137,3.05715,0.40625
2017-09-21T20:44:49.546741,1138,2.50666,0.484375
2017-09-21T20:44:49.656032,1139,3.16034,0.40625
2017-09-21T20:44:49.771840,1140,3.0852,0.40625
2017-09-21T20:44:49.887146,1141,2.67686,0.46875
2017-09-21T20:44:49.999947,1142,3.15576,0.453125
2017-09-21T20:44:50.113749,1143,2.57739,0.453125
2017-09-21T20:44:50.225045,1144,2.36255,0.546875
2017-09-21T20:44:50.335840,1145,2.90845,0.421875
2017-09-21T20:44:50.443627,1146,2.71717,0.5
2017-09-21T20:44:50.555926,1147,2.61044,0.515625
2017-09-21T20:44:50.672235,1148,2.93279,0.34375
2017-09-21T20:44:50.786539,1149,2.50654,0.546875
2017-09-21T20:44:50.895830,1150,2.7625,0.390625
2017-09-21T20:44:51.006123,1151,3.02393,0.328125
2017-09-21T20:44:51.114412,1152,2.58908,0.46875
2017-09-21T20:44:51.223201,1153,2.73323,0.328125
2017-09-21T20:44:51.329484,1154,2.6755,0.421875
2017-09-21T20:44:51.444791,1155,2.46489,0.484375
2017-09-21T20:44:51.552577,1156,2.53828,0.4375
2017-09-21T20:44:51.665377,1157,2.27043,0.59375
2017-09-21T20:44:51.773666,1158,2.53706,0.4375
2017-09-21T20:44:51.881953,1159,2.91521,0.421875
2017-09-21T20:44:51.998263,1160,2.8241,0.453125
2017-09-21T20:44:52.106050,1161,2.38602,0.46875
2017-09-21T20:44:52.216844,1162,2.84822,0.5
2017-09-21T20:44:52.329645,1163,2.68374,0.5
2017-09-21T20:44:52.447959,1164,2.56226,0.421875
2017-09-21T20:44:52.563266,1165,2.24801,0.453125
2017-09-21T20:44:52.676066,1166,2.6103,0.484375
2017-09-21T20:44:52.787362,1167,3.13506,0.359375
2017-09-21T20:44:52.902168,1168,2.7757,0.46875
2017-09-21T20:44:53.011960,1169,3.33276,0.28125
2017-09-21T20:44:53.126765,1170,3.48619,0.359375
2017-09-21T20:44:53.239566,1171,2.65658,0.4375
2017-09-21T20:44:53.350861,1172,2.62426,0.484375
2017-09-21T20:44:53.464664,1173,2.94202,0.4375
2017-09-21T20:44:53.574958,1174,2.73976,0.40625
2017-09-21T20:44:53.691267,1175,2.65493,0.421875
2017-09-21T20:44:53.801059,1176,2.66996,0.40625
2017-09-21T20:44:53.916867,1177,2.80975,0.40625
2017-09-21T20:44:54.027161,1178,2.58402,0.5
2017-09-21T20:44:54.147481,1179,3.37875,0.359375
2017-09-21T20:44:54.261785,1180,2.3288,0.5
2017-09-21T20:44:54.370574,1181,2.85112,0.390625
2017-09-21T20:44:54.486382,1182,2.52838,0.515625
2017-09-21T20:44:54.598180,1183,2.53823,0.46875
2017-09-21T20:44:54.707972,1184,2.38914,0.5
2017-09-21T20:44:54.817263,1185,2.73343,0.390625
2017-09-21T20:44:54.933572,1186,2.63305,0.390625
2017-09-21T20:44:55.047375,1187,3.18841,0.328125
2017-09-21T20:44:55.159674,1188,2.29395,0.4375
2017-09-21T20:44:55.268965,1189,2.03533,0.515625
2017-09-21T20:44:55.381765,1190,2.82663,0.359375
2017-09-21T20:44:55.494565,1191,2.70791,0.4375
2017-09-21T20:44:55.607866,1192,2.75798,0.453125
2017-09-21T20:44:55.721669,1193,2.8602,0.4375
2017-09-21T20:44:55.837978,1194,2.48922,0.40625
2017-09-21T20:44:55.953787,1195,3.06843,0.375
2017-09-21T20:44:56.076112,1196,2.6954,0.453125
2017-09-21T20:44:56.193925,1197,2.06509,0.53125
2017-09-21T20:44:56.306224,1198,2.55385,0.484375
2017-09-21T20:44:56.422032,1199,2.56392,0.421875
2017-09-21T20:44:56.532326,1200,3.02054,0.328125
2017-09-21T20:44:57.746556,1201,3.16487,0.34375
2017-09-21T20:44:57.861361,1202,2.94916,0.3125
2017-09-21T20:44:57.974162,1203,2.52914,0.578125
2017-09-21T20:44:58.084455,1204,2.51624,0.375
2017-09-21T20:44:58.197757,1205,2.2798,0.484375
2017-09-21T20:44:58.313063,1206,2.82318,0.453125
2017-09-21T20:44:58.428872,1207,2.9271,0.375
2017-09-21T20:44:58.537661,1208,2.69227,0.453125
2017-09-21T20:44:58.651965,1209,3.07298,0.40625
2017-09-21T20:44:58.766269,1210,3.11415,0.40625
2017-09-21T20:44:58.879069,1211,2.48291,0.484375
2017-09-21T20:44:58.993874,1212,2.46054,0.4375
2017-09-21T20:44:59.107176,1213,3.078,0.421875
2017-09-21T20:44:59.216467,1214,3.0397,0.390625
2017-09-21T20:44:59.326259,1215,2.88717,0.515625
2017-09-21T20:44:59.438558,1216,3.09775,0.40625
2017-09-21T20:44:59.547848,1217,2.6747,0.453125
2017-09-21T20:44:59.664158,1218,2.657,0.40625
2017-09-21T20:44:59.778462,1219,2.68109,0.46875
2017-09-21T20:44:59.892265,1220,2.96842,0.375
2017-09-21T20:45:00.008574,1221,3.06338,0.328125
2017-09-21T20:45:00.119870,1222,3.02058,0.359375
2017-09-21T20:45:00.233673,1223,2.71769,0.421875
2017-09-21T20:45:00.348980,1224,2.90743,0.390625
2017-09-21T20:45:00.465289,1225,3.11358,0.34375
2017-09-21T20:45:00.591124,1226,2.48169,0.46875
2017-09-21T20:45:00.716959,1227,2.84172,0.46875
2017-09-21T20:45:00.836276,1228,2.75862,0.390625
2017-09-21T20:45:00.951583,1229,3.52038,0.359375
2017-09-21T20:45:01.069898,1230,2.35565,0.546875
2017-09-21T20:45:01.185706,1231,2.80792,0.453125
2017-09-21T20:45:01.297504,1232,3.09146,0.40625
2017-09-21T20:45:01.410304,1233,3.00787,0.34375
2017-09-21T20:45:01.525109,1234,2.54552,0.515625
2017-09-21T20:45:01.634400,1235,3.03363,0.375
2017-09-21T20:45:01.750208,1236,2.89431,0.40625
2017-09-21T20:45:01.866016,1237,2.76016,0.484375
2017-09-21T20:45:01.976811,1238,2.48126,0.4375
2017-09-21T20:45:02.084597,1239,2.5971,0.40625
2017-09-21T20:45:02.199904,1240,2.82374,0.4375
2017-09-21T20:45:02.315211,1241,3.18827,0.3125
2017-09-21T20:45:02.426507,1242,2.48722,0.4375
2017-09-21T20:45:02.536299,1243,3.10043,0.296875
2017-09-21T20:45:02.649099,1244,2.72871,0.421875
2017-09-21T20:45:02.762401,1245,3.14894,0.40625
2017-09-21T20:45:02.879211,1246,3.16007,0.453125
2017-09-21T20:45:02.995019,1247,2.84502,0.484375
2017-09-21T20:45:03.117345,1248,3.132,0.4375
2017-09-21T20:45:03.237665,1249,3.60239,0.390625
2017-09-21T20:45:03.349462,1250,1.98104,0.59375
2017-09-21T20:45:03.466273,1251,2.22294,0.5
2017-09-21T20:45:03.582587,1252,2.54583,0.53125
2017-09-21T20:45:03.701904,1253,2.94255,0.453125
2017-09-21T20:45:03.817712,1254,3.32318,0.390625
2017-09-21T20:45:03.936027,1255,2.63119,0.390625
2017-09-21T20:45:04.053339,1256,2.77451,0.484375
2017-09-21T20:45:04.171654,1257,2.90076,0.359375
2017-09-21T20:45:04.283952,1258,2.22074,0.484375
2017-09-21T20:45:04.406278,1259,2.20498,0.515625
2017-09-21T20:45:04.526097,1260,2.01762,0.5625
2017-09-21T20:45:04.650427,1261,2.46761,0.46875
2017-09-21T20:45:04.763729,1262,2.24731,0.5
2017-09-21T20:45:04.883047,1263,2.29142,0.5
2017-09-21T20:45:04.999857,1264,2.3258,0.5
2017-09-21T20:45:05.118172,1265,3.13068,0.40625
2017-09-21T20:45:05.230972,1266,2.73883,0.482143
2017-09-21T20:45:05.344775,1267,1.64702,0.65625
2017-09-21T20:45:05.460583,1268,2.07285,0.53125
2017-09-21T20:45:05.576391,1269,1.96833,0.5
2017-09-21T20:45:05.687186,1270,2.09462,0.5625
2017-09-21T20:45:05.796476,1271,2.15469,0.578125
2017-09-21T20:45:05.909276,1272,1.84198,0.546875
2017-09-21T20:45:06.026589,1273,2.32502,0.40625
2017-09-21T20:45:06.138386,1274,2.1654,0.5625
2017-09-21T20:45:06.248178,1275,1.80193,0.640625
2017-09-21T20:45:06.362984,1276,2.04134,0.640625
2017-09-21T20:45:06.474280,1277,2.081,0.515625
2017-09-21T20:45:06.588584,1278,2.24359,0.5
2017-09-21T20:45:06.706899,1279,2.29021,0.5
2017-09-21T20:45:06.823208,1280,2.27312,0.5
2017-09-21T20:45:06.930494,1281,2.35412,0.53125
2017-09-21T20:45:07.038280,1282,2.36983,0.453125
2017-09-21T20:45:07.152083,1283,2.49861,0.46875
2017-09-21T20:45:07.263880,1284,2.0346,0.609375
2017-09-21T20:45:07.377182,1285,1.93344,0.5625
2017-09-21T20:45:07.490985,1286,2.41455,0.53125
2017-09-21T20:45:07.600275,1287,1.93051,0.53125
2017-09-21T20:45:07.714078,1288,2.39635,0.515625
2017-09-21T20:45:07.828884,1289,2.22286,0.515625
2017-09-21T20:45:07.942185,1290,2.3115,0.40625
2017-09-21T20:45:08.057993,1291,2.01889,0.578125
2017-09-21T20:45:08.167785,1292,2.54075,0.40625
2017-09-21T20:45:08.281087,1293,2.82583,0.359375
2017-09-21T20:45:08.394889,1294,2.02433,0.546875
2017-09-21T20:45:08.509194,1295,2.27419,0.546875
2017-09-21T20:45:08.622996,1296,1.92343,0.5625
2017-09-21T20:45:08.738304,1297,2.05038,0.5625
2017-09-21T20:45:08.852607,1298,2.08045,0.53125
2017-09-21T20:45:08.966911,1299,2.28065,0.5
2017-09-21T20:45:09.081215,1300,2.37424,0.484375
2017-09-21T20:45:10.233782,1301,2.2175,0.453125
2017-09-21T20:45:10.345078,1302,2.26308,0.53125
2017-09-21T20:45:10.452865,1303,2.90549,0.40625
2017-09-21T20:45:10.568171,1304,1.89461,0.59375
2017-09-21T20:45:10.687489,1305,2.1388,0.546875
2017-09-21T20:45:10.798785,1306,2.10175,0.5625
2017-09-21T20:45:10.917100,1307,2.08323,0.5
2017-09-21T20:45:11.025388,1308,2.10926,0.59375
2017-09-21T20:45:11.133676,1309,1.76338,0.546875
2017-09-21T20:45:11.241463,1310,2.03129,0.53125
2017-09-21T20:45:11.349249,1311,2.45302,0.5
2017-09-21T20:45:11.458540,1312,2.02671,0.484375
2017-09-21T20:45:11.572343,1313,2.40786,0.390625
2017-09-21T20:45:11.685644,1314,2.39683,0.484375
2017-09-21T20:45:11.800450,1315,1.93599,0.578125
2017-09-21T20:45:11.915255,1316,2.0282,0.53125
2017-09-21T20:45:12.025047,1317,2.43699,0.421875
2017-09-21T20:45:12.137847,1318,2.40821,0.515625
2017-09-21T20:45:12.253656,1319,2.07399,0.515625
2017-09-21T20:45:12.370967,1320,2.09497,0.546875
2017-09-21T20:45:12.488781,1321,2.23407,0.46875
2017-09-21T20:45:12.601581,1322,2.00761,0.578125
2017-09-21T20:45:12.713880,1323,1.9572,0.59375
2017-09-21T20:45:12.828184,1324,1.61131,0.625
2017-09-21T20:45:12.945496,1325,2.16244,0.609375
2017-09-21T20:45:13.062307,1326,2.35802,0.5
2017-09-21T20:45:13.180622,1327,2.07107,0.46875
2017-09-21T20:45:13.289913,1328,1.98046,0.59375
2017-09-21T20:45:13.401710,1329,2.75003,0.4375
2017-09-21T20:45:13.513006,1330,2.47941,0.40625
2017-09-21T20:45:13.627310,1331,2.42566,0.453125
2017-09-21T20:45:13.743620,1332,2.05331,0.515625
2017-09-21T20:45:13.860932,1333,2.13833,0.53125
2017-09-21T20:45:13.975236,1334,2.19114,0.546875
2017-09-21T20:45:14.088036,1335,2.0394,0.484375
2017-09-21T20:45:14.203343,1336,2.08974,0.5
2017-09-21T20:45:14.317647,1337,2.09484,0.46875
2017-09-21T20:45:14.428943,1338,2.51972,0.53125
2017-09-21T20:45:14.543247,1339,2.2694,0.5
2017-09-21T20:45:14.655044,1340,2.49887,0.484375
2017-09-21T20:45:14.769850,1341,2.47957,0.5
2017-09-21T20:45:14.885658,1342,2.46361,0.34375
2017-09-21T20:45:15.003472,1343,1.84001,0.546875
2017-09-21T20:45:15.120783,1344,1.78438,0.578125
2017-09-21T20:45:15.232581,1345,2.01848,0.5625
2017-09-21T20:45:15.346885,1346,2.29685,0.578125
2017-09-21T20:45:15.461690,1347,2.54591,0.40625
2017-09-21T20:45:15.576997,1348,2.32912,0.453125
2017-09-21T20:45:15.686790,1349,2.5234,0.453125
2017-09-21T20:45:15.797083,1350,2.26835,0.484375
2017-09-21T20:45:15.910886,1351,2.02023,0.609375
2017-09-21T20:45:16.027195,1352,2.22037,0.5
2017-09-21T20:45:16.140998,1353,1.9826,0.59375
2017-09-21T20:45:16.255302,1354,2.32218,0.484375
2017-09-21T20:45:16.372113,1355,1.91658,0.578125
2017-09-21T20:45:16.492433,1356,2.00555,0.59375
2017-09-21T20:45:16.613254,1357,2.40682,0.40625
2017-09-21T20:45:16.734076,1358,2.42128,0.5625
2017-09-21T20:45:16.854897,1359,2.5766,0.4375
2017-09-21T20:45:16.973713,1360,2.22089,0.59375
2017-09-21T20:45:17.095036,1361,2.7005,0.484375
2017-09-21T20:45:17.214855,1362,1.64227,0.671875
2017-09-21T20:45:17.332668,1363,2.01513,0.546875
2017-09-21T20:45:17.451985,1364,2.05096,0.46875
2017-09-21T20:45:17.571303,1365,1.99508,0.5625
2017-09-21T20:45:17.686610,1366,1.96117,0.625
2017-09-21T20:45:17.805927,1367,2.18134,0.53125
2017-09-21T20:45:17.924242,1368,2.43544,0.421875
2017-09-21T20:45:18.046567,1369,2.31211,0.4375
2017-09-21T20:45:18.162376,1370,2.65399,0.40625
2017-09-21T20:45:18.282695,1371,1.53352,0.59375
2017-09-21T20:45:18.398002,1372,2.09693,0.53125
2017-09-21T20:45:18.518824,1373,1.64043,0.65625
2017-09-21T20:45:18.639645,1374,1.85721,0.625
2017-09-21T20:45:18.761971,1375,2.14254,0.484375
2017-09-21T20:45:18.882792,1376,2.42669,0.5
2017-09-21T20:45:19.003112,1377,2.1316,0.515625
2017-09-21T20:45:19.126942,1378,1.55992,0.609375
2017-09-21T20:45:19.243251,1379,2.20222,0.515625
2017-09-21T20:45:19.355550,1380,2.35472,0.484375
2017-09-21T20:45:19.475870,1381,2.42718,0.421875
2017-09-21T20:45:19.595689,1382,2.61162,0.46875
2017-09-21T20:45:19.713001,1383,2.10403,0.453125
2017-09-21T20:45:19.827806,1384,2.36325,0.484375
2017-09-21T20:45:19.950132,1385,2.24615,0.46875
2017-09-21T20:45:20.069449,1386,1.80226,0.578125
2017-09-21T20:45:20.192777,1387,2.15004,0.578125
2017-09-21T20:45:20.312596,1388,2.04828,0.515625
2017-09-21T20:45:20.437428,1389,1.62043,0.59375
2017-09-21T20:45:20.558751,1390,2.41758,0.515625
2017-09-21T20:45:20.679572,1391,2.44208,0.4375
2017-09-21T20:45:20.798890,1392,2.144,0.609375
2017-09-21T20:45:20.917706,1393,2.27431,0.59375
2017-09-21T20:45:21.032010,1394,2.10217,0.53125
2017-09-21T20:45:21.152330,1395,2.09556,0.4375
2017-09-21T20:45:21.273653,1396,2.48044,0.4375
2017-09-21T20:45:21.389461,1397,1.91159,0.671875
2017-09-21T20:45:21.506773,1398,1.91389,0.546875
2017-09-21T20:45:21.632106,1399,2.18487,0.453125
2017-09-21T20:45:21.752928,1400,2.00922,0.546875
2017-09-21T20:45:22.996737,1401,2.1314,0.53125
2017-09-21T20:45:23.117057,1402,1.91414,0.5625
2017-09-21T20:45:23.230359,1403,2.23928,0.515625
2017-09-21T20:45:23.350679,1404,2.32061,0.484375
2017-09-21T20:45:23.472002,1405,2.30328,0.46875
2017-09-21T20:45:23.586306,1406,2.45757,0.5
2017-09-21T20:45:23.707127,1407,2.12961,0.5
2017-09-21T20:45:23.826445,1408,2.27659,0.546875
2017-09-21T20:45:23.946765,1409,1.7527,0.640625
2017-09-21T20:45:24.065581,1410,1.8585,0.578125
2017-09-21T20:45:24.184397,1411,2.25997,0.484375
2017-09-21T20:45:24.299202,1412,2.18615,0.5
2017-09-21T20:45:24.417517,1413,2.40184,0.53125
2017-09-21T20:45:24.536333,1414,2.48166,0.46875
2017-09-21T20:45:24.654648,1415,2.4115,0.421875
2017-09-21T20:45:24.772461,1416,2.20536,0.484375
2017-09-21T20:45:24.893283,1417,2.24228,0.53125
2017-09-21T20:45:25.013102,1418,2.48854,0.421875
2017-09-21T20:45:25.126403,1419,2.27366,0.515625
2017-09-21T20:45:25.242211,1420,2.70489,0.390625
2017-09-21T20:45:25.362531,1421,2.01082,0.5
2017-09-21T20:45:25.481849,1422,2.0326,0.5
2017-09-21T20:45:25.600665,1423,2.68945,0.453125
2017-09-21T20:45:25.721987,1424,1.95619,0.5625
2017-09-21T20:45:25.841305,1425,1.59957,0.59375
2017-09-21T20:45:25.954607,1426,2.26499,0.5625
2017-09-21T20:45:26.072921,1427,2.02117,0.515625
2017-09-21T20:45:26.192239,1428,2.63098,0.375
2017-09-21T20:45:26.311055,1429,1.88548,0.609375
2017-09-21T20:45:26.432879,1430,2.43871,0.453125
2017-09-21T20:45:26.555204,1431,2.00123,0.609375
2017-09-21T20:45:26.674522,1432,2.27989,0.46875
2017-09-21T20:45:26.789829,1433,2.13206,0.53125
2017-09-21T20:45:26.907642,1434,1.94989,0.59375
2017-09-21T20:45:27.032976,1435,1.84886,0.578125
2017-09-21T20:45:27.150789,1436,2.31297,0.515625
2017-09-21T20:45:27.267600,1437,2.10545,0.515625
2017-09-21T20:45:27.389925,1438,2.20371,0.46875
2017-09-21T20:45:27.513253,1439,1.80176,0.65625
2017-09-21T20:45:27.636080,1440,2.63521,0.4375
2017-09-21T20:45:27.760912,1441,2.61689,0.34375
2017-09-21T20:45:27.879227,1442,1.7815,0.59375
2017-09-21T20:45:27.994032,1443,2.58747,0.46875
2017-09-21T20:45:28.110342,1444,2.45528,0.5
2017-09-21T20:45:28.228155,1445,1.92556,0.5
2017-09-21T20:45:28.346971,1446,2.83106,0.375
2017-09-21T20:45:28.463281,1447,2.1204,0.515625
2017-09-21T20:45:28.579089,1448,1.95917,0.625
2017-09-21T20:45:28.700913,1449,2.74789,0.421875
2017-09-21T20:45:28.826247,1450,2.31308,0.484375
2017-09-21T20:45:28.949575,1451,2.34709,0.515625
2017-09-21T20:45:29.069894,1452,2.93145,0.375
2017-09-21T20:45:29.196231,1453,2.65007,0.5
2017-09-21T20:45:29.317052,1454,1.97817,0.515625
2017-09-21T20:45:29.440380,1455,2.2566,0.46875
2017-09-21T20:45:29.562204,1456,2.13282,0.578125
2017-09-21T20:45:29.676508,1457,2.72953,0.4375
2017-09-21T20:45:29.796828,1458,2.49523,0.453125
2017-09-21T20:45:29.917149,1459,2.10893,0.578125
2017-09-21T20:45:30.036466,1460,2.60652,0.5
2017-09-21T20:45:30.156786,1461,2.16801,0.578125
2017-09-21T20:45:30.278610,1462,1.80441,0.5625
2017-09-21T20:45:30.401437,1463,2.27013,0.515625
2017-09-21T20:45:30.521757,1464,2.4488,0.5
2017-09-21T20:45:30.638073,1465,2.39996,0.453125
2017-09-21T20:45:30.756388,1466,2.37926,0.4375
2017-09-21T20:45:30.876206,1467,1.97901,0.5
2017-09-21T20:45:30.997028,1468,2.51501,0.4375
2017-09-21T20:45:31.116345,1469,2.14116,0.4375
2017-09-21T20:45:31.235662,1470,2.28111,0.53125
2017-09-21T20:45:31.350468,1471,2.15159,0.5625
2017-09-21T20:45:31.470788,1472,2.65203,0.421875
2017-09-21T20:45:31.589103,1473,2.29578,0.4375
2017-09-21T20:45:31.710927,1474,2.23482,0.5625
2017-09-21T20:45:31.825732,1475,1.83313,0.59375
2017-09-21T20:45:31.945050,1476,2.11612,0.5
2017-09-21T20:45:32.064367,1477,1.9546,0.53125
2017-09-21T20:45:32.182181,1478,2.31094,0.5
2017-09-21T20:45:32.299493,1479,2.30434,0.5
2017-09-21T20:45:32.412293,1480,2.62505,0.5
2017-09-21T20:45:32.529605,1481,2.74324,0.453125
2017-09-21T20:45:32.643909,1482,2.2669,0.5625
2017-09-21T20:45:32.759718,1483,3.19562,0.390625
2017-09-21T20:45:32.878533,1484,2.39607,0.4375
2017-09-21T20:45:32.995344,1485,2.55753,0.390625
2017-09-21T20:45:33.115163,1486,2.6198,0.46875
2017-09-21T20:45:33.238491,1487,2.27799,0.53125
2017-09-21T20:45:33.354801,1488,2.26606,0.546875
2017-09-21T20:45:33.477126,1489,2.04836,0.5625
2017-09-21T20:45:33.596945,1490,2.47513,0.46875
2017-09-21T20:45:33.710246,1491,2.38235,0.421875
2017-09-21T20:45:33.825052,1492,2.07563,0.5
2017-09-21T20:45:33.939356,1493,2.7969,0.40625
2017-09-21T20:45:34.056166,1494,2.51837,0.484375
2017-09-21T20:45:34.169970,1495,2.03268,0.59375
2017-09-21T20:45:34.282268,1496,1.93506,0.46875
2017-09-21T20:45:34.394567,1497,2.06871,0.546875
2017-09-21T20:45:34.515388,1498,2.89769,0.390625
2017-09-21T20:45:34.629692,1499,2.32358,0.53125
2017-09-21T20:45:34.748007,1500,2.12143,0.5
2017-09-21T20:45:35.998835,1501,2.48304,0.53125
2017-09-21T20:45:36.115646,1502,1.73616,0.5625
2017-09-21T20:45:36.230451,1503,1.99544,0.484375
2017-09-21T20:45:36.343252,1504,1.84136,0.5625
2017-09-21T20:45:36.455550,1505,1.92689,0.515625
2017-09-21T20:45:36.571358,1506,2.44799,0.390625
2017-09-21T20:45:36.687166,1507,2.92915,0.40625
2017-09-21T20:45:36.802473,1508,1.95492,0.5625
2017-09-21T20:45:36.917278,1509,2.72064,0.34375
2017-09-21T20:45:37.030078,1510,1.79118,0.609375
2017-09-21T20:45:37.143380,1511,1.98232,0.515625
2017-09-21T20:45:37.262196,1512,2.29373,0.484375
2017-09-21T20:45:37.374495,1513,2.45458,0.4375
2017-09-21T20:45:37.487295,1514,2.61731,0.453125
2017-09-21T20:45:37.599594,1515,1.97785,0.546875
2017-09-21T20:45:37.717407,1516,1.65355,0.625
2017-09-21T20:45:37.830708,1517,2.05394,0.53125
2017-09-21T20:45:37.949023,1518,2.45842,0.40625
2017-09-21T20:45:38.067839,1519,1.89537,0.515625
2017-09-21T20:45:38.180640,1520,2.30128,0.453125
2017-09-21T20:45:38.293440,1521,2.13947,0.53125
2017-09-21T20:45:38.414261,1522,2.15463,0.53125
2017-09-21T20:45:38.529067,1523,2.20604,0.5
2017-09-21T20:45:38.646379,1524,2.48362,0.453125
2017-09-21T20:45:38.764192,1525,2.13464,0.5
2017-09-21T20:45:38.878997,1526,2.21118,0.421875
2017-09-21T20:45:38.996310,1527,1.98234,0.546875
2017-09-21T20:45:39.111115,1528,2.8383,0.46875
2017-09-21T20:45:39.226422,1529,2.45262,0.5
2017-09-21T20:45:39.341227,1530,2.07824,0.5
2017-09-21T20:45:39.460545,1531,2.36476,0.5
2017-09-21T20:45:39.578358,1532,2.51576,0.484375
2017-09-21T20:45:39.693665,1533,3.03919,0.421875
2017-09-21T20:45:39.811979,1534,2.387,0.5625
2017-09-21T20:45:39.925782,1535,2.44464,0.578125
2017-09-21T20:45:40.044599,1536,1.49593,0.671875
2017-09-21T20:45:40.157399,1537,2.15224,0.53125
2017-09-21T20:45:40.277218,1538,1.789,0.578125
2017-09-21T20:45:40.391522,1539,1.95988,0.5
2017-09-21T20:45:40.504322,1540,1.92192,0.5625
2017-09-21T20:45:40.619127,1541,2.15996,0.515625
2017-09-21T20:45:40.731927,1542,2.2542,0.421875
2017-09-21T20:45:40.847234,1543,2.05379,0.484375
2017-09-21T20:45:40.965549,1544,2.42011,0.453125
2017-09-21T20:45:41.085367,1545,2.6441,0.421875
2017-09-21T20:45:41.198168,1546,2.21008,0.453125
2017-09-21T20:45:41.310968,1547,1.95102,0.5625
2017-09-21T20:45:41.423266,1548,2.64651,0.46875
2017-09-21T20:45:41.543587,1549,1.95561,0.5625
2017-09-21T20:45:41.654883,1550,2.88145,0.421875
2017-09-21T20:45:41.768184,1551,2.45275,0.4375
2017-09-21T20:45:41.884995,1552,2.26651,0.46875
2017-09-21T20:45:42.001806,1553,2.11163,0.515625
2017-09-21T20:45:42.120622,1554,2.01891,0.5625
2017-09-21T20:45:42.243950,1555,2.15274,0.609375
2017-09-21T20:45:42.360259,1556,2.13323,0.5625
2017-09-21T20:45:42.478574,1557,2.17024,0.53125
2017-09-21T20:45:42.595886,1558,2.38326,0.515625
2017-09-21T20:45:42.713198,1559,2.21862,0.484375
2017-09-21T20:45:42.828004,1560,2.04665,0.5
2017-09-21T20:45:42.940804,1561,1.93189,0.578125
2017-09-21T20:45:43.065636,1562,2.2199,0.5
2017-09-21T20:45:43.179940,1563,2.10225,0.53125
2017-09-21T20:45:43.298255,1564,2.69673,0.453125
2017-09-21T20:45:43.410052,1565,2.45815,0.484375
2017-09-21T20:45:43.529370,1566,1.99396,0.53125
2017-09-21T20:45:43.646682,1567,2.33465,0.390625
2017-09-21T20:45:43.758479,1568,2.13461,0.453125
2017-09-21T20:45:43.877797,1569,1.71399,0.5625
2017-09-21T20:45:43.991599,1570,1.78616,0.59375
2017-09-21T20:45:44.106405,1571,1.84778,0.625
2017-09-21T20:45:44.223216,1572,2.05833,0.609375
2017-09-21T20:45:44.341530,1573,2.37706,0.484375
2017-09-21T20:45:44.454832,1574,2.46686,0.515625
2017-09-21T20:45:44.577157,1575,1.98415,0.53125
2017-09-21T20:45:44.697477,1576,2.28827,0.46875
2017-09-21T20:45:44.816293,1577,2.24037,0.40625
2017-09-21T20:45:44.934107,1578,2.61982,0.453125
2017-09-21T20:45:45.049915,1579,2.11602,0.578125
2017-09-21T20:45:45.163216,1580,2.24008,0.5
2017-09-21T20:45:45.274011,1581,2.777,0.5
2017-09-21T20:45:45.386310,1582,1.98133,0.546875
2017-09-21T20:45:45.505628,1583,2.01552,0.5625
2017-09-21T20:45:45.617926,1584,2.62088,0.390625
2017-09-21T20:45:45.735238,1585,2.15449,0.484375
2017-09-21T20:45:45.851548,1586,1.8812,0.578125
2017-09-21T20:45:45.971868,1587,2.14987,0.515625
2017-09-21T20:45:46.084167,1588,2.44981,0.46875
2017-09-21T20:45:46.203484,1589,1.78105,0.53125
2017-09-21T20:45:46.320295,1590,2.54863,0.4375
2017-09-21T20:45:46.440114,1591,2.06374,0.53125
2017-09-21T20:45:46.556423,1592,2.20397,0.53125
2017-09-21T20:45:46.674237,1593,2.24026,0.5
2017-09-21T20:45:46.794556,1594,2.32857,0.53125
2017-09-21T20:45:46.911367,1595,2.11005,0.546875
2017-09-21T20:45:47.023666,1596,2.60071,0.46875
2017-09-21T20:45:47.135965,1597,2.3098,0.609375
2017-09-21T20:45:47.253778,1598,2.2591,0.5
2017-09-21T20:45:47.371592,1599,1.83893,0.65625
2017-09-21T20:45:47.485394,1600,2.2352,0.546875
2017-09-21T20:45:48.697118,1601,2.39988,0.484375
2017-09-21T20:45:48.814932,1602,2.2973,0.53125
2017-09-21T20:45:48.934249,1603,2.65069,0.453125
2017-09-21T20:45:49.053567,1604,2.72997,0.375
2017-09-21T20:45:49.169876,1605,2.56188,0.46875
2017-09-21T20:45:49.286185,1606,2.18395,0.515625
2017-09-21T20:45:49.406506,1607,2.15397,0.515625
2017-09-21T20:45:49.518303,1608,2.16732,0.453125
2017-09-21T20:45:49.635615,1609,2.24248,0.546875
2017-09-21T20:45:49.754431,1610,1.9311,0.53125
2017-09-21T20:45:49.873247,1611,1.85639,0.53125
2017-09-21T20:45:49.991061,1612,2.21656,0.515625
2017-09-21T20:45:50.105866,1613,2.66342,0.46875
2017-09-21T20:45:50.225685,1614,2.08178,0.546875
2017-09-21T20:45:50.345002,1615,2.44532,0.46875
2017-09-21T20:45:50.455797,1616,1.99427,0.546875
2017-09-21T20:45:50.569600,1617,2.32076,0.453125
2017-09-21T20:45:50.687915,1618,2.35456,0.421875
2017-09-21T20:45:50.803222,1619,2.48627,0.484375
2017-09-21T20:45:50.922038,1620,2.25327,0.484375
2017-09-21T20:45:51.038848,1621,1.80597,0.59375
2017-09-21T20:45:51.158166,1622,2.12371,0.515625
2017-09-21T20:45:51.275478,1623,1.66343,0.5625
2017-09-21T20:45:51.395297,1624,1.79591,0.546875
2017-09-21T20:45:51.513110,1625,2.75684,0.40625
2017-09-21T20:45:51.628417,1626,2.24574,0.484375
2017-09-21T20:45:51.742220,1627,1.8946,0.515625
2017-09-21T20:45:51.855521,1628,2.69472,0.484375
2017-09-21T20:45:51.973335,1629,2.25874,0.484375
2017-09-21T20:45:52.084630,1630,2.23082,0.53125
2017-09-21T20:45:52.202946,1631,2.37296,0.4375
2017-09-21T20:45:52.316748,1632,1.93755,0.5
2017-09-21T20:45:52.436066,1633,2.38918,0.40625
2017-09-21T20:45:52.550871,1634,2.25234,0.515625
2017-09-21T20:45:52.669687,1635,2.25252,0.5625
2017-09-21T20:45:52.784994,1636,2.08672,0.515625
2017-09-21T20:45:52.898295,1637,2.08808,0.515625
2017-09-21T20:45:53.012098,1638,1.97497,0.515625
2017-09-21T20:45:53.130914,1639,2.36066,0.5
2017-09-21T20:45:53.248728,1640,2.19496,0.515625
2017-09-21T20:45:53.364035,1641,2.31094,0.484375
2017-09-21T20:45:53.483352,1642,2.49168,0.40625
2017-09-21T20:45:53.599160,1643,2.2491,0.484375
2017-09-21T20:45:53.717976,1644,2.67843,0.390625
2017-09-21T20:45:53.834787,1645,2.30042,0.4375
2017-09-21T20:45:53.951598,1646,2.41516,0.421875
2017-09-21T20:45:54.071416,1647,2.42281,0.515625
2017-09-21T20:45:54.187224,1648,2.08886,0.53125
2017-09-21T20:45:54.306542,1649,2.35222,0.46875
2017-09-21T20:45:54.422350,1650,3.11495,0.296875
2017-09-21T20:45:54.541166,1651,2.06607,0.46875
2017-09-21T20:45:54.657476,1652,2.45567,0.34375
2017-09-21T20:45:54.775790,1653,2.7552,0.421875
2017-09-21T20:45:54.895609,1654,2.52585,0.53125
2017-09-21T20:45:55.010415,1655,2.66062,0.4375
2017-09-21T20:45:55.126223,1656,2.39525,0.4375
2017-09-21T20:45:55.238020,1657,2.52137,0.421875
2017-09-21T20:45:55.349316,1658,2.2033,0.515625
2017-09-21T20:45:55.464623,1659,1.50317,0.6875
2017-09-21T20:45:55.578426,1660,2.00004,0.453125
2017-09-21T20:45:55.693231,1661,2.30335,0.53125
2017-09-21T20:45:55.806533,1662,2.14876,0.578125
2017-09-21T20:45:55.926351,1663,2.1099,0.515625
2017-09-21T20:45:56.041157,1664,2.50169,0.484375
2017-09-21T20:45:56.158970,1665,2.34126,0.46875
2017-09-21T20:45:56.271770,1666,2.80954,0.34375
2017-09-21T20:45:56.389584,1667,1.99915,0.515625
2017-09-21T20:45:56.500379,1668,2.49321,0.484375
2017-09-21T20:45:56.618693,1669,2.5956,0.4375
2017-09-21T20:45:56.731995,1670,2.31652,0.53125
2017-09-21T20:45:56.848806,1671,1.73373,0.625
2017-09-21T20:45:56.967120,1672,2.49183,0.46875
2017-09-21T20:45:57.084432,1673,1.96165,0.609375
2017-09-21T20:45:57.199739,1674,2.64914,0.421875
2017-09-21T20:45:57.318555,1675,2.27839,0.484375
2017-09-21T20:45:57.435366,1676,2.51354,0.421875
2017-09-21T20:45:57.551174,1677,2.03867,0.53125
2017-09-21T20:45:57.668486,1678,2.90948,0.390625
2017-09-21T20:45:57.787302,1679,2.10809,0.53125
2017-09-21T20:45:57.905617,1680,2.20771,0.578125
2017-09-21T20:45:58.026439,1681,2.05079,0.5
2017-09-21T20:45:58.140241,1682,2.96524,0.453125
2017-09-21T20:45:58.257554,1683,2.35243,0.453125
2017-09-21T20:45:58.372860,1684,2.35318,0.46875
2017-09-21T20:45:58.486663,1685,1.86213,0.640625
2017-09-21T20:45:58.599463,1686,2.3956,0.46875
2017-09-21T20:45:58.718279,1687,2.33524,0.46875
2017-09-21T20:45:58.836594,1688,3.09528,0.321429
2017-09-21T20:45:58.953405,1689,1.86071,0.546875
2017-09-21T20:45:59.072722,1690,1.96436,0.578125
2017-09-21T20:45:59.194045,1691,1.68813,0.609375
2017-09-21T20:45:59.311858,1692,1.63651,0.625
2017-09-21T20:45:59.432680,1693,1.37952,0.65625
2017-09-21T20:45:59.550994,1694,1.67709,0.609375
2017-09-21T20:45:59.672317,1695,1.71595,0.6875
2017-09-21T20:45:59.789630,1696,1.7236,0.625
2017-09-21T20:45:59.907944,1697,2.16206,0.546875
2017-09-21T20:46:00.027262,1698,1.73473,0.5625
2017-09-21T20:46:00.145075,1699,1.80563,0.59375
2017-09-21T20:46:00.257374,1700,1.7488,0.5625
2017-09-21T20:46:01.417962,1701,1.54033,0.703125
2017-09-21T20:46:01.538282,1702,1.99385,0.578125
2017-09-21T20:46:01.652586,1703,1.71122,0.578125
2017-09-21T20:46:01.770399,1704,1.64395,0.609375
2017-09-21T20:46:01.885205,1705,1.93499,0.546875
2017-09-21T20:46:02.001514,1706,1.75329,0.59375
2017-09-21T20:46:02.115317,1707,1.48545,0.640625
2017-09-21T20:46:02.235136,1708,1.51028,0.6875
2017-09-21T20:46:02.351446,1709,1.7421,0.65625
2017-09-21T20:46:02.468757,1710,2.23646,0.5
2017-09-21T20:46:02.586069,1711,1.82047,0.59375
2017-09-21T20:46:02.704384,1712,1.38103,0.71875
2017-09-21T20:46:02.824203,1713,1.93459,0.625
2017-09-21T20:46:02.944022,1714,2.1915,0.5
2017-09-21T20:46:03.065344,1715,1.59028,0.5625
2017-09-21T20:46:03.184662,1716,1.59693,0.609375
2017-09-21T20:46:03.301974,1717,1.74764,0.640625
2017-09-21T20:46:03.423297,1718,1.70639,0.59375
2017-09-21T20:46:03.539606,1719,1.70443,0.65625
2017-09-21T20:46:03.658924,1720,1.98532,0.5625
2017-09-21T20:46:03.773729,1721,1.68761,0.53125
2017-09-21T20:46:03.890540,1722,1.67354,0.546875
2017-09-21T20:46:04.003841,1723,1.70482,0.625
2017-09-21T20:46:04.123159,1724,1.84489,0.578125
2017-09-21T20:46:04.239468,1725,1.66833,0.625
2017-09-21T20:46:04.357281,1726,2.44379,0.515625
2017-09-21T20:46:04.469580,1727,1.68658,0.59375
2017-09-21T20:46:04.589900,1728,2.04299,0.515625
2017-09-21T20:46:04.707714,1729,1.43416,0.640625
2017-09-21T20:46:04.826530,1730,1.41106,0.625
2017-09-21T20:46:04.944845,1731,1.63975,0.59375
2017-09-21T20:46:05.057144,1732,2.04332,0.53125
2017-09-21T20:46:05.176461,1733,1.68682,0.625
2017-09-21T20:46:05.291768,1734,1.68343,0.609375
2017-09-21T20:46:05.404068,1735,1.22909,0.6875
2017-09-21T20:46:05.524387,1736,1.96292,0.546875
2017-09-21T20:46:05.641699,1737,2.05916,0.515625
2017-09-21T20:46:05.761518,1738,1.47596,0.703125
2017-09-21T20:46:05.876323,1739,1.78494,0.578125
2017-09-21T20:46:05.988622,1740,2.01887,0.46875
2017-09-21T20:46:06.106936,1741,1.65874,0.625
2017-09-21T20:46:06.224750,1742,1.41087,0.6875
2017-09-21T20:46:06.343566,1743,1.80569,0.65625
2017-09-21T20:46:06.463385,1744,2.02226,0.609375
2017-09-21T20:46:06.579694,1745,1.75725,0.609375
2017-09-21T20:46:06.696009,1746,2.09706,0.515625
2017-09-21T20:46:06.816329,1747,1.63455,0.65625
2017-09-21T20:46:06.934142,1748,2.13099,0.59375
2017-09-21T20:46:07.053460,1749,1.48153,0.65625
2017-09-21T20:46:07.171273,1750,1.42386,0.625
2017-09-21T20:46:07.289588,1751,2.09554,0.53125
2017-09-21T20:46:07.406900,1752,1.93873,0.609375
2017-09-21T20:46:07.526719,1753,1.79655,0.5625
2017-09-21T20:46:07.645535,1754,1.84838,0.546875
2017-09-21T20:46:07.762847,1755,1.88495,0.578125
2017-09-21T20:46:07.882165,1756,1.67012,0.609375
2017-09-21T20:46:08.003488,1757,1.98359,0.46875
2017-09-21T20:46:08.121301,1758,1.91981,0.546875
2017-09-21T20:46:08.239114,1759,1.96213,0.578125
2017-09-21T20:46:08.358432,1760,1.43324,0.671875
2017-09-21T20:46:08.471733,1761,1.60659,0.578125
2017-09-21T20:46:08.588043,1762,1.64704,0.5625
2017-09-21T20:46:08.701344,1763,1.71326,0.625
2017-09-21T20:46:08.822165,1764,1.60081,0.65625
2017-09-21T20:46:08.942987,1765,1.8868,0.578125
2017-09-21T20:46:09.062304,1766,1.81388,0.625
2017-09-21T20:46:09.182624,1767,1.78099,0.609375
2017-09-21T20:46:09.295424,1768,1.43788,0.671875
2017-09-21T20:46:09.410731,1769,1.56664,0.59375
2017-09-21T20:46:09.530550,1770,1.71287,0.671875
2017-09-21T20:46:09.648363,1771,1.79131,0.65625
2017-09-21T20:46:09.764172,1772,1.45389,0.640625
2017-09-21T20:46:09.877974,1773,1.86801,0.609375
2017-09-21T20:46:09.991276,1774,1.44016,0.59375
2017-09-21T20:46:10.105580,1775,1.80879,0.546875
2017-09-21T20:46:10.224396,1776,2.07354,0.515625
2017-09-21T20:46:10.338700,1777,1.84686,0.625
2017-09-21T20:46:10.452503,1778,1.56034,0.609375
2017-09-21T20:46:10.569815,1779,1.64251,0.578125
2017-09-21T20:46:10.688631,1780,2.24612,0.515625
2017-09-21T20:46:10.808951,1781,1.74413,0.5625
2017-09-21T20:46:10.927266,1782,2.1451,0.5
2017-09-21T20:46:11.051096,1783,1.71236,0.625
2017-09-21T20:46:11.172920,1784,2.11496,0.484375
2017-09-21T20:46:11.295746,1785,1.84378,0.5
2017-09-21T20:46:11.413059,1786,2.25943,0.484375
2017-09-21T20:46:11.534381,1787,1.96427,0.515625
2017-09-21T20:46:11.653699,1788,1.98013,0.546875
2017-09-21T20:46:11.774019,1789,2.03069,0.546875
2017-09-21T20:46:11.891331,1790,2.16105,0.5625
2017-09-21T20:46:12.011651,1791,1.43114,0.65625
2017-09-21T20:46:12.129966,1792,1.80368,0.5625
2017-09-21T20:46:12.250286,1793,1.79272,0.625
2017-09-21T20:46:12.371609,1794,1.78308,0.5625
2017-09-21T20:46:12.491929,1795,1.60124,0.59375
2017-09-21T20:46:12.610244,1796,1.56489,0.578125
2017-09-21T20:46:12.728057,1797,1.53683,0.609375
2017-09-21T20:46:12.839854,1798,1.70417,0.625
2017-09-21T20:46:12.959172,1799,1.61517,0.65625
2017-09-21T20:46:13.077988,1800,1.76036,0.65625
2017-09-21T20:46:14.302747,1801,1.72514,0.578125
2017-09-21T20:46:14.418554,1802,1.61546,0.59375
2017-09-21T20:46:14.529349,1803,2.14413,0.484375
2017-09-21T20:46:14.641147,1804,2.05207,0.578125
2017-09-21T20:46:14.756955,1805,2.59213,0.40625
2017-09-21T20:46:14.874267,1806,1.5287,0.59375
2017-09-21T20:46:14.985062,1807,2.10934,0.453125
2017-09-21T20:46:15.102875,1808,1.47617,0.59375
2017-09-21T20:46:15.220688,1809,1.8048,0.5625
2017-09-21T20:46:15.334993,1810,2.04718,0.5
2017-09-21T20:46:15.452305,1811,2.07251,0.5
2017-09-21T20:46:15.569116,1812,1.6894,0.625
2017-09-21T20:46:15.683420,1813,1.86024,0.59375
2017-09-21T20:46:15.802737,1814,1.4972,0.59375
2017-09-21T20:46:15.916540,1815,1.93026,0.5625
2017-09-21T20:46:16.032348,1816,2.07839,0.546875
2017-09-21T20:46:16.151164,1817,1.86175,0.59375
2017-09-21T20:46:16.265468,1818,2.0735,0.546875
2017-09-21T20:46:16.380274,1819,1.88888,0.59375
2017-09-21T20:46:16.491068,1820,1.87285,0.5625
2017-09-21T20:46:16.612893,1821,2.06546,0.53125
2017-09-21T20:46:16.732711,1822,2.51347,0.40625
2017-09-21T20:46:16.847517,1823,1.77896,0.59375
2017-09-21T20:46:16.970343,1824,1.67111,0.59375
2017-09-21T20:46:17.090162,1825,1.93892,0.625
2017-09-21T20:46:17.203965,1826,1.87403,0.515625
2017-09-21T20:46:17.317768,1827,1.93457,0.5
2017-09-21T20:46:17.436584,1828,1.40099,0.625
2017-09-21T20:46:17.551891,1829,1.67219,0.578125
2017-09-21T20:46:17.666195,1830,1.95686,0.53125
2017-09-21T20:46:17.783006,1831,1.74028,0.640625
2017-09-21T20:46:17.896307,1832,2.0435,0.515625
2017-09-21T20:46:18.011112,1833,1.62547,0.640625
2017-09-21T20:46:18.131934,1834,2.10968,0.515625
2017-09-21T20:46:18.247241,1835,2.22699,0.4375
2017-09-21T20:46:18.362547,1836,1.92226,0.59375
2017-09-21T20:46:18.482366,1837,2.02821,0.5625
2017-09-21T20:46:18.597172,1838,1.75326,0.5625
2017-09-21T20:46:18.717492,1839,1.77006,0.546875
2017-09-21T20:46:18.835305,1840,1.60696,0.59375
2017-09-21T20:46:18.948105,1841,1.60579,0.65625
2017-09-21T20:46:19.065417,1842,1.73508,0.578125
2017-09-21T20:46:19.185236,1843,1.79096,0.59375
2017-09-21T20:46:19.304052,1844,1.90319,0.5625
2017-09-21T20:46:19.418857,1845,2.04827,0.515625
2017-09-21T20:46:19.537172,1846,1.94329,0.53125
2017-09-21T20:46:19.654485,1847,1.8123,0.546875
2017-09-21T20:46:19.772298,1848,1.59204,0.59375
2017-09-21T20:46:19.892618,1849,1.89782,0.578125
2017-09-21T20:46:20.004917,1850,1.88747,0.578125
2017-09-21T20:46:20.122229,1851,1.51486,0.65625
2017-09-21T20:46:20.235530,1852,2.13032,0.453125
2017-09-21T20:46:20.348832,1853,1.90819,0.609375
2017-09-21T20:46:20.469152,1854,1.77934,0.578125
2017-09-21T20:46:20.587467,1855,1.70341,0.609375
2017-09-21T20:46:20.703776,1856,1.6777,0.625
2017-09-21T20:46:20.820085,1857,1.51299,0.625
2017-09-21T20:46:20.932886,1858,1.78329,0.640625
2017-09-21T20:46:21.045686,1859,1.69134,0.59375
2017-09-21T20:46:21.157483,1860,1.71107,0.59375
2017-09-21T20:46:21.269280,1861,1.25397,0.71875
2017-09-21T20:46:21.387094,1862,1.49276,0.6875
2017-09-21T20:46:21.506913,1863,1.93855,0.59375
2017-09-21T20:46:21.624225,1864,1.85585,0.5625
2017-09-21T20:46:21.744044,1865,1.5381,0.609375
2017-09-21T20:46:21.858348,1866,2.00614,0.53125
2017-09-21T20:46:21.974156,1867,2.17639,0.4375
2017-09-21T20:46:22.094977,1868,2.1729,0.484375
2017-09-21T20:46:22.207276,1869,1.61136,0.546875
2017-09-21T20:46:22.319575,1870,1.76808,0.515625
2017-09-21T20:46:22.439895,1871,1.72751,0.625
2017-09-21T20:46:22.552194,1872,2.09192,0.578125
2017-09-21T20:46:22.696578,1873,1.5091,0.65625
2017-09-21T20:46:22.808877,1874,1.65555,0.5625
2017-09-21T20:46:22.925687,1875,1.87314,0.609375
2017-09-21T20:46:23.042498,1876,1.43229,0.609375
2017-09-21T20:46:23.159309,1877,1.53514,0.640625
2017-09-21T20:46:23.276621,1878,2.3751,0.515625
2017-09-21T20:46:23.395939,1879,1.74607,0.578125
2017-09-21T20:46:23.513752,1880,1.28855,0.65625
2017-09-21T20:46:23.633571,1881,1.43601,0.703125
2017-09-21T20:46:23.750382,1882,1.69323,0.625
2017-09-21T20:46:23.866189,1883,1.57838,0.640625
2017-09-21T20:46:23.981998,1884,1.86104,0.546875
2017-09-21T20:46:24.100313,1885,2.03465,0.53125
2017-09-21T20:46:24.220131,1886,2.12253,0.484375
2017-09-21T20:46:24.333934,1887,1.95589,0.5625
2017-09-21T20:46:24.452249,1888,1.14087,0.703125
2017-09-21T20:46:24.570062,1889,2.09227,0.4375
2017-09-21T20:46:24.689881,1890,1.78258,0.609375
2017-09-21T20:46:24.807193,1891,1.79665,0.53125
2017-09-21T20:46:24.925006,1892,1.57512,0.671875
2017-09-21T20:46:25.045828,1893,1.95065,0.609375
2017-09-21T20:46:25.158127,1894,1.72331,0.609375
2017-09-21T20:46:25.276943,1895,1.52121,0.671875
2017-09-21T20:46:25.397764,1896,1.66377,0.671875
2017-09-21T20:46:25.517583,1897,1.6224,0.625
2017-09-21T20:46:25.632388,1898,2.2011,0.578125
2017-09-21T20:46:25.750703,1899,1.68988,0.640625
2017-09-21T20:46:25.865509,1900,2.18309,0.515625
2017-09-21T20:46:27.017072,1901,1.8437,0.609375
2017-09-21T20:46:27.133883,1902,1.66567,0.609375
2017-09-21T20:46:27.252699,1903,1.27706,0.6875
2017-09-21T20:46:27.374022,1904,1.41694,0.671875
2017-09-21T20:46:27.493841,1905,1.86439,0.53125
2017-09-21T20:46:27.613660,1906,1.96258,0.5625
2017-09-21T20:46:27.728465,1907,2.19109,0.515625
2017-09-21T20:46:27.847782,1908,2.17805,0.5625
2017-09-21T20:46:27.969607,1909,1.80821,0.59375
2017-09-21T20:46:28.084412,1910,1.54172,0.65625
2017-09-21T20:46:28.199719,1911,1.31686,0.625
2017-09-21T20:46:28.312018,1912,1.69666,0.609375
2017-09-21T20:46:28.431335,1913,1.87848,0.609375
2017-09-21T20:46:28.548146,1914,1.9629,0.5
2017-09-21T20:46:28.664455,1915,2.35271,0.5
2017-09-21T20:46:28.779261,1916,1.54281,0.65625
2017-09-21T20:46:28.896072,1917,1.73304,0.53125
2017-09-21T20:46:29.013885,1918,1.7024,0.609375
2017-09-21T20:46:29.132200,1919,1.56469,0.625
2017-09-21T20:46:29.252018,1920,1.44882,0.6875
2017-09-21T20:46:29.366322,1921,1.96929,0.5
2017-09-21T20:46:29.489651,1922,1.55286,0.671875
2017-09-21T20:46:29.608968,1923,1.67299,0.5625
2017-09-21T20:46:29.725779,1924,1.82403,0.53125
2017-09-21T20:46:29.851614,1925,1.74069,0.5625
2017-09-21T20:46:29.966419,1926,1.75916,0.578125
2017-09-21T20:46:30.080222,1927,1.74619,0.578125
2017-09-21T20:46:30.197033,1928,1.81857,0.546875
2017-09-21T20:46:30.314846,1929,1.69119,0.671875
2017-09-21T20:46:30.428649,1930,1.68771,0.640625
2017-09-21T20:46:30.544958,1931,1.57251,0.625
2017-09-21T20:46:30.665780,1932,1.17515,0.6875
2017-09-21T20:46:30.784095,1933,1.73262,0.578125
2017-09-21T20:46:30.904414,1934,1.96557,0.5625
2017-09-21T20:46:31.019220,1935,2.27995,0.53125
2017-09-21T20:46:31.140543,1936,2.02776,0.5
2017-09-21T20:46:31.252842,1937,1.94008,0.59375
2017-09-21T20:46:31.368148,1938,1.51952,0.609375
2017-09-21T20:46:31.487967,1939,1.84266,0.5625
2017-09-21T20:46:31.607285,1940,1.82718,0.609375
2017-09-21T20:46:31.727604,1941,1.96825,0.53125
2017-09-21T20:46:31.851434,1942,1.28554,0.671875
2017-09-21T20:46:31.974762,1943,2.16601,0.46875
2017-09-21T20:46:32.095584,1944,1.54968,0.625
2017-09-21T20:46:32.212896,1945,1.74552,0.59375
2017-09-21T20:46:32.330709,1946,2.27819,0.53125
2017-09-21T20:46:32.447019,1947,2.18496,0.5625
2017-09-21T20:46:32.560821,1948,1.32656,0.640625
2017-09-21T20:46:32.679136,1949,1.63873,0.609375
2017-09-21T20:46:32.799456,1950,1.84577,0.609375
2017-09-21T20:46:32.913259,1951,1.86466,0.53125
2017-09-21T20:46:33.032576,1952,2.16722,0.578125
2017-09-21T20:46:33.148384,1953,1.94742,0.484375
2017-09-21T20:46:33.267702,1954,2.16777,0.5
2017-09-21T20:46:33.384513,1955,1.57552,0.65625
2017-09-21T20:46:33.502326,1956,1.48755,0.6875
2017-09-21T20:46:33.619137,1957,1.70276,0.625
2017-09-21T20:46:33.737953,1958,2.01255,0.546875
2017-09-21T20:46:33.854764,1959,1.71701,0.546875
2017-09-21T20:46:33.970071,1960,1.48198,0.65625
2017-09-21T20:46:34.092396,1961,1.77297,0.609375
2017-09-21T20:46:34.207201,1962,1.6135,0.59375
2017-09-21T20:46:34.326017,1963,1.65697,0.59375
2017-09-21T20:46:34.443330,1964,1.66997,0.640625
2017-09-21T20:46:34.561644,1965,1.5392,0.640625
2017-09-21T20:46:34.676450,1966,1.91864,0.53125
2017-09-21T20:46:34.795266,1967,1.57875,0.59375
2017-09-21T20:46:34.913079,1968,2.28681,0.4375
2017-09-21T20:46:35.024376,1969,1.55204,0.640625
2017-09-21T20:46:35.144194,1970,1.48025,0.640625
2017-09-21T20:46:35.261005,1971,1.87794,0.5625
2017-09-21T20:46:35.376813,1972,1.34015,0.71875
2017-09-21T20:46:35.495128,1973,1.85219,0.5
2017-09-21T20:46:35.608931,1974,1.8645,0.59375
2017-09-21T20:46:35.721731,1975,1.36918,0.71875
2017-09-21T20:46:35.835534,1976,1.46305,0.640625
2017-09-21T20:46:35.950840,1977,1.94253,0.53125
2017-09-21T20:46:36.068654,1978,1.80544,0.625
2017-09-21T20:46:36.186467,1979,1.92558,0.53125
2017-09-21T20:46:36.305284,1980,1.50608,0.6875
2017-09-21T20:46:36.425102,1981,1.58528,0.609375
2017-09-21T20:46:36.537401,1982,2.11115,0.5
2017-09-21T20:46:36.650201,1983,2.11078,0.453125
2017-09-21T20:46:36.769017,1984,1.40457,0.65625
2017-09-21T20:46:36.883321,1985,1.79938,0.609375
2017-09-21T20:46:36.998127,1986,1.92935,0.484375
2017-09-21T20:46:37.117444,1987,1.71755,0.609375
2017-09-21T20:46:37.230244,1988,1.73424,0.5625
2017-09-21T20:46:37.344047,1989,1.26827,0.65625
2017-09-21T20:46:37.463364,1990,2.00843,0.578125
2017-09-21T20:46:37.575162,1991,1.73843,0.578125
2017-09-21T20:46:37.691471,1992,1.75552,0.515625
2017-09-21T20:46:37.808783,1993,1.86825,0.515625
2017-09-21T20:46:37.927600,1994,1.70863,0.578125
2017-09-21T20:46:38.046416,1995,1.96094,0.609375
2017-09-21T20:46:38.158213,1996,2.39543,0.5
2017-09-21T20:46:38.277530,1997,1.76641,0.625
2017-09-21T20:46:38.395845,1998,1.56097,0.65625
2017-09-21T20:46:38.511152,1999,1.57105,0.65625
2017-09-21T20:46:38.629467,2000,1.45643,0.671875
